Unnamed: 0,Month,Unemp_rate,year,rate,model,borough
0,1,6.9,2017,8463.0,clfpoly2,BRONX
1,2,6.8,2017,7295.0,clfpoly2,BRONX
2,3,6.2,2017,8801.0,clfpoly2,BRONX
3,4,5.8,2017,8578.0,clfpoly2,BRONX
4,5,5.9,2017,9373.0,clfpoly2,BRONX
5,6,6.2,2017,9260.0,clfpoly2,BRONX
6,7,6.9,2017,9686.0,clfpoly2,BRONX
7,8,7.0,2017,9845.0,clfpoly2,BRONX
8,9,6.2,2017,9410.0,clfpoly2,BRONX
9,10,6.0,2017,9638.0,clfpoly2,BRONX
10,11,5.8,2017,8389.0,clfpoly2,BRONX
11,12,5.7,2017,7279.0,clfpoly2,BRONX
12,1,6.4,2018,7265.0,clfpoly2,BRONX
13,2,6.4,2018,6754.0,clfpoly2,BRONX
14,3,6.0,2018,8177.0,clfpoly2,BRONX
15,4,5.3,2018,8481.0,clfpoly2,BRONX
16,5,5.0,2018,9314.0,clfpoly2,BRONX
17,6,5.7,2018,8880.0,clfpoly2,BRONX
18,7,6.1,2018,9689.0,clfpoly2,BRONX
19,8,6.0,2018,10009.0,clfpoly2,BRONX
20,9,5.2,2018,9378.0,clfpoly2,BRONX
21,10,5.3,2018,9092.0,clfpoly2,BRONX
22,11,5.1,2018,8207.0,clfpoly2,BRONX
23,12,5.5,2018,7704.0,clfpoly2,BRONX
24,1,6.6,2019,6862.0,clfpoly2,BRONX
25,2,6.2,2019,7438.0,clfpoly2,BRONX
26,3,5.7,2019,7928.0,clfpoly2,BRONX
27,4,5.0,2019,8393.0,clfpoly2,BRONX
28,5,5.6,2019,8897.0,clfpoly2,BRONX
29,6,5.6,2019,9165.0,clfpoly2,BRONX
30,7,6.1,2019,9337.0,clfpoly2,BRONX
31,8,5.9,2019,9242.0,clfpoly2,BRONX
32,9,5.2,2019,9101.0,clfpoly2,BRONX
33,10,5.3,2019,8748.0,clfpoly2,BRONX
34,11,5.1,2019,8330.0,clfpoly2,BRONX
35,12,5.5,2019,7548.0,clfpoly2,BRONX
36,1,6.6,2020,6702.0,clfpoly2,BRONX
37,2,6.2,2020,7279.0,clfpoly2,BRONX
38,3,5.7,2020,7770.0,clfpoly2,BRONX
39,4,5.0,2020,8236.0,clfpoly2,BRONX
40,5,5.6,2020,8740.0,clfpoly2,BRONX
41,6,5.6,2020,9009.0,clfpoly2,BRONX
42,7,6.1,2020,9181.0,clfpoly2,BRONX
43,8,5.9,2020,9087.0,clfpoly2,BRONX
44,9,5.2,2020,8947.0,clfpoly2,BRONX
45,10,5.3,2020,8594.0,clfpoly2,BRONX
46,11,5.1,2020,8177.0,clfpoly2,BRONX
47,12,5.5,2020,7396.0,clfpoly2,BRONX
48,1,6.6,2021,6541.0,clfpoly2,BRONX
49,2,6.2,2021,7119.0,clfpoly2,BRONX
50,3,5.7,2021,7611.0,clfpoly2,BRONX
51,4,5.0,2021,8079.0,clfpoly2,BRONX
52,5,5.6,2021,8583.0,clfpoly2,BRONX
53,6,5.6,2021,8852.0,clfpoly2,BRONX
54,7,6.1,2021,9025.0,clfpoly2,BRONX
55,8,5.9,2021,8932.0,clfpoly2,BRONX
56,9,5.2,2021,8793.0,clfpoly2,BRONX
57,10,5.3,2021,8441.0,clfpoly2,BRONX
58,11,5.1,2021,8025.0,clfpoly2,BRONX
59,12,5.5,2021,7244.0,clfpoly2,BRONX
60,1,6.6,2022,6380.0,clfpoly2,BRONX
61,2,6.2,2022,6959.0,clfpoly2,BRONX
62,3,5.7,2022,7452.0,clfpoly2,BRONX
63,4,5.0,2022,7921.0,clfpoly2,BRONX
64,5,5.6,2022,8426.0,clfpoly2,BRONX
65,6,5.6,2022,8696.0,clfpoly2,BRONX
66,7,6.1,2022,8869.0,clfpoly2,BRONX
67,8,5.9,2022,8777.0,clfpoly2,BRONX
68,9,5.2,2022,8639.0,clfpoly2,BRONX
69,10,5.3,2022,8288.0,clfpoly2,BRONX
70,11,5.1,2022,7872.0,clfpoly2,BRONX
71,12,5.5,2022,7092.0,clfpoly2,BRONX
0,1,6.9,2017,8463.0,clfpoly3,BRONX
1,2,6.8,2017,7295.0,clfpoly3,BRONX
2,3,6.2,2017,8801.0,clfpoly3,BRONX
3,4,5.8,2017,8578.0,clfpoly3,BRONX
4,5,5.9,2017,9373.0,clfpoly3,BRONX
5,6,6.2,2017,9260.0,clfpoly3,BRONX
6,7,6.9,2017,9686.0,clfpoly3,BRONX
7,8,7.0,2017,9845.0,clfpoly3,BRONX
8,9,6.2,2017,9410.0,clfpoly3,BRONX
9,10,6.0,2017,9638.0,clfpoly3,BRONX
10,11,5.8,2017,8389.0,clfpoly3,BRONX
11,12,5.7,2017,7279.0,clfpoly3,BRONX
12,1,6.4,2018,7265.0,clfpoly3,BRONX
13,2,6.4,2018,6754.0,clfpoly3,BRONX
14,3,6.0,2018,8177.0,clfpoly3,BRONX
15,4,5.3,2018,8481.0,clfpoly3,BRONX
16,5,5.0,2018,9314.0,clfpoly3,BRONX
17,6,5.7,2018,8880.0,clfpoly3,BRONX
18,7,6.1,2018,9689.0,clfpoly3,BRONX
19,8,6.0,2018,10009.0,clfpoly3,BRONX
20,9,5.2,2018,9378.0,clfpoly3,BRONX
21,10,5.3,2018,9092.0,clfpoly3,BRONX
22,11,5.1,2018,8207.0,clfpoly3,BRONX
23,12,5.5,2018,7704.0,clfpoly3,BRONX
24,1,6.6,2019,5524.0,clfpoly3,BRONX
25,2,6.2,2019,6154.0,clfpoly3,BRONX
26,3,5.7,2019,7092.0,clfpoly3,BRONX
27,4,5.0,2019,8263.0,clfpoly3,BRONX
28,5,5.6,2019,8203.0,clfpoly3,BRONX
29,6,5.6,2019,8818.0,clfpoly3,BRONX
30,7,6.1,2019,9412.0,clfpoly3,BRONX
31,8,5.9,2019,10002.0,clfpoly3,BRONX
32,9,5.2,2019,9835.0,clfpoly3,BRONX
33,10,5.3,2019,9812.0,clfpoly3,BRONX
34,11,5.1,2019,8978.0,clfpoly3,BRONX
35,12,5.5,2019,8869.0,clfpoly3,BRONX
36,1,6.6,2020,4060.0,clfpoly3,BRONX
37,2,6.2,2020,4927.0,clfpoly3,BRONX
38,3,5.7,2020,6102.0,clfpoly3,BRONX
39,4,5.0,2020,7515.0,clfpoly3,BRONX
40,5,5.6,2020,7673.0,clfpoly3,BRONX
41,6,5.6,2020,8519.0,clfpoly3,BRONX
42,7,6.1,2020,9334.0,clfpoly3,BRONX
43,8,5.9,2020,10157.0,clfpoly3,BRONX
44,9,5.2,2020,10231.0,clfpoly3,BRONX
45,10,5.3,2020,10436.0,clfpoly3,BRONX
46,11,5.1,2020,9836.0,clfpoly3,BRONX
47,12,5.5,2020,9951.0,clfpoly3,BRONX
48,1,6.6,2021,2595.0,clfpoly3,BRONX
49,2,6.2,2021,3698.0,clfpoly3,BRONX
50,3,5.7,2021,5112.0,clfpoly3,BRONX
51,4,5.0,2021,6766.0,clfpoly3,BRONX
52,5,5.6,2021,7143.0,clfpoly3,BRONX
53,6,5.6,2021,8218.0,clfpoly3,BRONX
54,7,6.1,2021,9256.0,clfpoly3,BRONX
55,8,5.9,2021,10312.0,clfpoly3,BRONX
56,9,5.2,2021,10628.0,clfpoly3,BRONX
57,10,5.3,2021,11062.0,clfpoly3,BRONX
58,11,5.1,2021,10695.0,clfpoly3,BRONX
59,12,5.5,2021,11035.0,clfpoly3,BRONX
60,1,6.6,2022,1128.0,clfpoly3,BRONX
61,2,6.2,2022,2467.0,clfpoly3,BRONX
62,3,5.7,2022,4120.0,clfpoly3,BRONX
63,4,5.0,2022,6016.0,clfpoly3,BRONX
64,5,5.6,2022,6613.0,clfpoly3,BRONX
65,6,5.6,2022,7918.0,clfpoly3,BRONX
66,7,6.1,2022,9177.0,clfpoly3,BRONX
67,8,5.9,2022,10467.0,clfpoly3,BRONX
68,9,5.2,2022,11025.0,clfpoly3,BRONX
69,10,5.3,2022,11688.0,clfpoly3,BRONX
70,11,5.1,2022,11555.0,clfpoly3,BRONX
71,12,5.5,2022,12120.0,clfpoly3,BRONX
0,1,6.9,2017,8463.0,dtc,BRONX
1,2,6.8,2017,7295.0,dtc,BRONX
2,3,6.2,2017,8801.0,dtc,BRONX
3,4,5.8,2017,8578.0,dtc,BRONX
4,5,5.9,2017,9373.0,dtc,BRONX
5,6,6.2,2017,9260.0,dtc,BRONX
6,7,6.9,2017,9686.0,dtc,BRONX
7,8,7.0,2017,9845.0,dtc,BRONX
8,9,6.2,2017,9410.0,dtc,BRONX
9,10,6.0,2017,9638.0,dtc,BRONX
10,11,5.8,2017,8389.0,dtc,BRONX
11,12,5.7,2017,7279.0,dtc,BRONX
12,1,6.4,2018,7265.0,dtc,BRONX
13,2,6.4,2018,6754.0,dtc,BRONX
14,3,6.0,2018,8177.0,dtc,BRONX
15,4,5.3,2018,8481.0,dtc,BRONX
16,5,5.0,2018,9314.0,dtc,BRONX
17,6,5.7,2018,8880.0,dtc,BRONX
18,7,6.1,2018,9689.0,dtc,BRONX
19,8,6.0,2018,10009.0,dtc,BRONX
20,9,5.2,2018,9378.0,dtc,BRONX
21,10,5.3,2018,9092.0,dtc,BRONX
22,11,5.1,2018,8207.0,dtc,BRONX
23,12,5.5,2018,7704.0,dtc,BRONX
24,1,6.6,2019,7265.0,dtc,BRONX
25,2,6.2,2019,6754.0,dtc,BRONX
26,3,5.7,2019,8329.0,dtc,BRONX
27,4,5.0,2019,8329.0,dtc,BRONX
28,5,5.6,2019,9207.0,dtc,BRONX
29,6,5.6,2019,9207.0,dtc,BRONX
30,7,6.1,2019,9648.0,dtc,BRONX
31,8,5.9,2019,9207.0,dtc,BRONX
32,9,5.2,2019,9207.0,dtc,BRONX
33,10,5.3,2019,9207.0,dtc,BRONX
34,11,5.1,2019,8207.0,dtc,BRONX
35,12,5.5,2019,7704.0,dtc,BRONX
36,1,6.6,2020,7265.0,dtc,BRONX
37,2,6.2,2020,6754.0,dtc,BRONX
38,3,5.7,2020,8329.0,dtc,BRONX
39,4,5.0,2020,8329.0,dtc,BRONX
40,5,5.6,2020,9207.0,dtc,BRONX
41,6,5.6,2020,9207.0,dtc,BRONX
42,7,6.1,2020,9648.0,dtc,BRONX
43,8,5.9,2020,9207.0,dtc,BRONX
44,9,5.2,2020,9207.0,dtc,BRONX
45,10,5.3,2020,9207.0,dtc,BRONX
46,11,5.1,2020,8207.0,dtc,BRONX
47,12,5.5,2020,7704.0,dtc,BRONX
48,1,6.6,2021,7265.0,dtc,BRONX
49,2,6.2,2021,6754.0,dtc,BRONX
50,3,5.7,2021,8329.0,dtc,BRONX
51,4,5.0,2021,8329.0,dtc,BRONX
52,5,5.6,2021,9207.0,dtc,BRONX
53,6,5.6,2021,9207.0,dtc,BRONX
54,7,6.1,2021,9648.0,dtc,BRONX
55,8,5.9,2021,9207.0,dtc,BRONX
56,9,5.2,2021,9207.0,dtc,BRONX
57,10,5.3,2021,9207.0,dtc,BRONX
58,11,5.1,2021,8207.0,dtc,BRONX
59,12,5.5,2021,7704.0,dtc,BRONX
60,1,6.6,2022,7265.0,dtc,BRONX
61,2,6.2,2022,6754.0,dtc,BRONX
62,3,5.7,2022,8329.0,dtc,BRONX
63,4,5.0,2022,8329.0,dtc,BRONX
64,5,5.6,2022,9207.0,dtc,BRONX
65,6,5.6,2022,9207.0,dtc,BRONX
66,7,6.1,2022,9648.0,dtc,BRONX
67,8,5.9,2022,9207.0,dtc,BRONX
68,9,5.2,2022,9207.0,dtc,BRONX
69,10,5.3,2022,9207.0,dtc,BRONX
70,11,5.1,2022,8207.0,dtc,BRONX
71,12,5.5,2022,7704.0,dtc,BRONX
0,1,6.9,2017,8463.0,knn,BRONX
1,2,6.8,2017,7295.0,knn,BRONX
2,3,6.2,2017,8801.0,knn,BRONX
3,4,5.8,2017,8578.0,knn,BRONX
4,5,5.9,2017,9373.0,knn,BRONX
5,6,6.2,2017,9260.0,knn,BRONX
6,7,6.9,2017,9686.0,knn,BRONX
7,8,7.0,2017,9845.0,knn,BRONX
8,9,6.2,2017,9410.0,knn,BRONX
9,10,6.0,2017,9638.0,knn,BRONX
10,11,5.8,2017,8389.0,knn,BRONX
11,12,5.7,2017,7279.0,knn,BRONX
12,1,6.4,2018,7265.0,knn,BRONX
13,2,6.4,2018,6754.0,knn,BRONX
14,3,6.0,2018,8177.0,knn,BRONX
15,4,5.3,2018,8481.0,knn,BRONX
16,5,5.0,2018,9314.0,knn,BRONX
17,6,5.7,2018,8880.0,knn,BRONX
18,7,6.1,2018,9689.0,knn,BRONX
19,8,6.0,2018,10009.0,knn,BRONX
20,9,5.2,2018,9378.0,knn,BRONX
21,10,5.3,2018,9092.0,knn,BRONX
22,11,5.1,2018,8207.0,knn,BRONX
23,12,5.5,2018,7704.0,knn,BRONX
24,1,6.6,2019,8250.0,knn,BRONX
25,2,6.2,2019,8250.0,knn,BRONX
26,3,5.7,2019,8250.0,knn,BRONX
27,4,5.0,2019,8731.0,knn,BRONX
28,5,5.6,2019,9024.0,knn,BRONX
29,6,5.6,2019,9312.0,knn,BRONX
30,7,6.1,2019,9484.0,knn,BRONX
31,8,5.9,2019,9489.0,knn,BRONX
32,9,5.2,2019,9136.0,knn,BRONX
33,10,5.3,2019,8880.0,knn,BRONX
34,11,5.1,2019,8895.0,knn,BRONX
35,12,5.5,2019,8895.0,knn,BRONX
36,1,6.6,2020,8250.0,knn,BRONX
37,2,6.2,2020,8250.0,knn,BRONX
38,3,5.7,2020,8292.0,knn,BRONX
39,4,5.0,2020,8731.0,knn,BRONX
40,5,5.6,2020,9056.0,knn,BRONX
41,6,5.6,2020,9145.0,knn,BRONX
42,7,6.1,2020,9484.0,knn,BRONX
43,8,5.9,2020,9489.0,knn,BRONX
44,9,5.2,2020,9185.0,knn,BRONX
45,10,5.3,2020,8880.0,knn,BRONX
46,11,5.1,2020,8880.0,knn,BRONX
47,12,5.5,2020,8895.0,knn,BRONX
48,1,6.6,2021,8250.0,knn,BRONX
49,2,6.2,2021,8250.0,knn,BRONX
50,3,5.7,2021,8292.0,knn,BRONX
51,4,5.0,2021,8531.0,knn,BRONX
52,5,5.6,2021,8852.0,knn,BRONX
53,6,5.6,2021,9225.0,knn,BRONX
54,7,6.1,2021,9363.0,knn,BRONX
55,8,5.9,2021,9351.0,knn,BRONX
56,9,5.2,2021,9185.0,knn,BRONX
57,10,5.3,2021,8880.0,knn,BRONX
58,11,5.1,2021,8880.0,knn,BRONX
59,12,5.5,2021,8895.0,knn,BRONX
60,1,6.6,2022,8250.0,knn,BRONX
61,2,6.2,2022,8201.0,knn,BRONX
62,3,5.7,2022,8292.0,knn,BRONX
63,4,5.0,2022,8531.0,knn,BRONX
64,5,5.6,2022,8852.0,knn,BRONX
65,6,5.6,2022,9225.0,knn,BRONX
66,7,6.1,2022,9363.0,knn,BRONX
67,8,5.9,2022,9351.0,knn,BRONX
68,9,5.2,2022,9185.0,knn,BRONX
69,10,5.3,2022,8880.0,knn,BRONX
70,11,5.1,2022,8880.0,knn,BRONX
71,12,5.5,2022,8880.0,knn,BRONX
0,1,6.9,2017,8463.0,lr,BRONX
1,2,6.8,2017,7295.0,lr,BRONX
2,3,6.2,2017,8801.0,lr,BRONX
3,4,5.8,2017,8578.0,lr,BRONX
4,5,5.9,2017,9373.0,lr,BRONX
5,6,6.2,2017,9260.0,lr,BRONX
6,7,6.9,2017,9686.0,lr,BRONX
7,8,7.0,2017,9845.0,lr,BRONX
8,9,6.2,2017,9410.0,lr,BRONX
9,10,6.0,2017,9638.0,lr,BRONX
10,11,5.8,2017,8389.0,lr,BRONX
11,12,5.7,2017,7279.0,lr,BRONX
12,1,6.4,2018,7265.0,lr,BRONX
13,2,6.4,2018,6754.0,lr,BRONX
14,3,6.0,2018,8177.0,lr,BRONX
15,4,5.3,2018,8481.0,lr,BRONX
16,5,5.0,2018,9314.0,lr,BRONX
17,6,5.7,2018,8880.0,lr,BRONX
18,7,6.1,2018,9689.0,lr,BRONX
19,8,6.0,2018,10009.0,lr,BRONX
20,9,5.2,2018,9378.0,lr,BRONX
21,10,5.3,2018,9092.0,lr,BRONX
22,11,5.1,2018,8207.0,lr,BRONX
23,12,5.5,2018,7704.0,lr,BRONX
24,1,6.6,2019,8463.0,lr,BRONX
25,2,6.2,2019,7265.0,lr,BRONX
26,3,5.7,2019,8481.0,lr,BRONX
27,4,5.0,2019,9314.0,lr,BRONX
28,5,5.6,2019,9314.0,lr,BRONX
29,6,5.6,2019,9314.0,lr,BRONX
30,7,6.1,2019,9686.0,lr,BRONX
31,8,5.9,2019,10009.0,lr,BRONX
32,9,5.2,2019,9378.0,lr,BRONX
33,10,5.3,2019,8207.0,lr,BRONX
34,11,5.1,2019,8207.0,lr,BRONX
35,12,5.5,2019,7704.0,lr,BRONX
36,1,6.6,2020,8463.0,lr,BRONX
37,2,6.2,2020,7265.0,lr,BRONX
38,3,5.7,2020,8481.0,lr,BRONX
39,4,5.0,2020,9314.0,lr,BRONX
40,5,5.6,2020,9314.0,lr,BRONX
41,6,5.6,2020,9314.0,lr,BRONX
42,7,6.1,2020,9686.0,lr,BRONX
43,8,5.9,2020,10009.0,lr,BRONX
44,9,5.2,2020,9378.0,lr,BRONX
45,10,5.3,2020,8207.0,lr,BRONX
46,11,5.1,2020,8207.0,lr,BRONX
47,12,5.5,2020,7704.0,lr,BRONX
48,1,6.6,2021,8463.0,lr,BRONX
49,2,6.2,2021,7265.0,lr,BRONX
50,3,5.7,2021,8481.0,lr,BRONX
51,4,5.0,2021,9314.0,lr,BRONX
52,5,5.6,2021,9314.0,lr,BRONX
53,6,5.6,2021,9314.0,lr,BRONX
54,7,6.1,2021,9686.0,lr,BRONX
55,8,5.9,2021,10009.0,lr,BRONX
56,9,5.2,2021,9378.0,lr,BRONX
57,10,5.3,2021,8207.0,lr,BRONX
58,11,5.1,2021,8207.0,lr,BRONX
59,12,5.5,2021,7704.0,lr,BRONX
60,1,6.6,2022,8463.0,lr,BRONX
61,2,6.2,2022,7265.0,lr,BRONX
62,3,5.7,2022,8481.0,lr,BRONX
63,4,5.0,2022,9314.0,lr,BRONX
64,5,5.6,2022,9314.0,lr,BRONX
65,6,5.6,2022,9314.0,lr,BRONX
66,7,6.1,2022,9686.0,lr,BRONX
67,8,5.9,2022,10009.0,lr,BRONX
68,9,5.2,2022,9378.0,lr,BRONX
69,10,5.3,2022,8207.0,lr,BRONX
70,11,5.1,2022,8207.0,lr,BRONX
71,12,5.5,2022,7704.0,lr,BRONX
0,1,6.9,2017,8463.0,rf,BRONX
1,2,6.8,2017,7295.0,rf,BRONX
2,3,6.2,2017,8801.0,rf,BRONX
3,4,5.8,2017,8578.0,rf,BRONX
4,5,5.9,2017,9373.0,rf,BRONX
5,6,6.2,2017,9260.0,rf,BRONX
6,7,6.9,2017,9686.0,rf,BRONX
7,8,7.0,2017,9845.0,rf,BRONX
8,9,6.2,2017,9410.0,rf,BRONX
9,10,6.0,2017,9638.0,rf,BRONX
10,11,5.8,2017,8389.0,rf,BRONX
11,12,5.7,2017,7279.0,rf,BRONX
12,1,6.4,2018,7265.0,rf,BRONX
13,2,6.4,2018,6754.0,rf,BRONX
14,3,6.0,2018,8177.0,rf,BRONX
15,4,5.3,2018,8481.0,rf,BRONX
16,5,5.0,2018,9314.0,rf,BRONX
17,6,5.7,2018,8880.0,rf,BRONX
18,7,6.1,2018,9689.0,rf,BRONX
19,8,6.0,2018,10009.0,rf,BRONX
20,9,5.2,2018,9378.0,rf,BRONX
21,10,5.3,2018,9092.0,rf,BRONX
22,11,5.1,2018,8207.0,rf,BRONX
23,12,5.5,2018,7704.0,rf,BRONX
24,1,6.6,2019,7505.0,rf,BRONX
25,2,6.2,2019,7050.0,rf,BRONX
26,3,5.7,2019,8006.0,rf,BRONX
27,4,5.0,2019,8392.0,rf,BRONX
28,5,5.6,2019,8872.0,rf,BRONX
29,6,5.6,2019,8873.0,rf,BRONX
30,7,6.1,2019,9737.0,rf,BRONX
31,8,5.9,2019,9569.0,rf,BRONX
32,9,5.2,2019,9219.0,rf,BRONX
33,10,5.3,2019,9131.0,rf,BRONX
34,11,5.1,2019,8340.0,rf,BRONX
35,12,5.5,2019,7673.0,rf,BRONX
36,1,6.6,2020,7505.0,rf,BRONX
37,2,6.2,2020,7050.0,rf,BRONX
38,3,5.7,2020,8006.0,rf,BRONX
39,4,5.0,2020,8392.0,rf,BRONX
40,5,5.6,2020,8872.0,rf,BRONX
41,6,5.6,2020,8873.0,rf,BRONX
42,7,6.1,2020,9737.0,rf,BRONX
43,8,5.9,2020,9569.0,rf,BRONX
44,9,5.2,2020,9219.0,rf,BRONX
45,10,5.3,2020,9131.0,rf,BRONX
46,11,5.1,2020,8340.0,rf,BRONX
47,12,5.5,2020,7673.0,rf,BRONX
48,1,6.6,2021,7505.0,rf,BRONX
49,2,6.2,2021,7050.0,rf,BRONX
50,3,5.7,2021,8006.0,rf,BRONX
51,4,5.0,2021,8392.0,rf,BRONX
52,5,5.6,2021,8872.0,rf,BRONX
53,6,5.6,2021,8873.0,rf,BRONX
54,7,6.1,2021,9737.0,rf,BRONX
55,8,5.9,2021,9569.0,rf,BRONX
56,9,5.2,2021,9219.0,rf,BRONX
57,10,5.3,2021,9131.0,rf,BRONX
58,11,5.1,2021,8340.0,rf,BRONX
59,12,5.5,2021,7673.0,rf,BRONX
60,1,6.6,2022,7505.0,rf,BRONX
61,2,6.2,2022,7050.0,rf,BRONX
62,3,5.7,2022,8006.0,rf,BRONX
63,4,5.0,2022,8392.0,rf,BRONX
64,5,5.6,2022,8872.0,rf,BRONX
65,6,5.6,2022,8873.0,rf,BRONX
66,7,6.1,2022,9737.0,rf,BRONX
67,8,5.9,2022,9569.0,rf,BRONX
68,9,5.2,2022,9219.0,rf,BRONX
69,10,5.3,2022,9131.0,rf,BRONX
70,11,5.1,2022,8340.0,rf,BRONX
71,12,5.5,2022,7673.0,rf,BRONX
0,1,5.1,2017,11629.0,clfpoly2,BROOKLYN
1,2,5.1,2017,10390.0,clfpoly2,BROOKLYN
2,3,4.5,2017,12223.0,clfpoly2,BROOKLYN
3,4,4.3,2017,12148.0,clfpoly2,BROOKLYN
4,5,4.5,2017,13407.0,clfpoly2,BROOKLYN
5,6,4.7,2017,12739.0,clfpoly2,BROOKLYN
6,7,5.3,2017,13944.0,clfpoly2,BROOKLYN
7,8,5.3,2017,13657.0,clfpoly2,BROOKLYN
8,9,4.7,2017,12877.0,clfpoly2,BROOKLYN
9,10,4.5,2017,13529.0,clfpoly2,BROOKLYN
10,11,4.2,2017,11227.0,clfpoly2,BROOKLYN
11,12,4.1,2017,10683.0,clfpoly2,BROOKLYN
12,1,4.7,2018,10501.0,clfpoly2,BROOKLYN
13,2,4.7,2018,8922.0,clfpoly2,BROOKLYN
14,3,4.4,2018,11223.0,clfpoly2,BROOKLYN
15,4,4.0,2018,11742.0,clfpoly2,BROOKLYN
16,5,3.7,2018,12882.0,clfpoly2,BROOKLYN
17,6,4.3,2018,12518.0,clfpoly2,BROOKLYN
18,7,4.5,2018,13175.0,clfpoly2,BROOKLYN
19,8,4.5,2018,13440.0,clfpoly2,BROOKLYN
20,9,4.0,2018,12220.0,clfpoly2,BROOKLYN
21,10,4.1,2018,11843.0,clfpoly2,BROOKLYN
22,11,3.8,2018,11245.0,clfpoly2,BROOKLYN
23,12,4.1,2018,10641.0,clfpoly2,BROOKLYN
24,1,5.0,2019,9309.0,clfpoly2,BROOKLYN
25,2,4.7,2019,10200.0,clfpoly2,BROOKLYN
26,3,4.3,2019,10917.0,clfpoly2,BROOKLYN
27,4,3.8,2019,11496.0,clfpoly2,BROOKLYN
28,5,4.3,2019,11924.0,clfpoly2,BROOKLYN
29,6,4.4,2019,12205.0,clfpoly2,BROOKLYN
30,7,4.6,2019,12384.0,clfpoly2,BROOKLYN
31,8,4.5,2019,12270.0,clfpoly2,BROOKLYN
32,9,4.0,2019,11811.0,clfpoly2,BROOKLYN
33,10,4.1,2019,11418.0,clfpoly2,BROOKLYN
34,11,3.8,2019,10689.0,clfpoly2,BROOKLYN
35,12,4.1,2019,10058.0,clfpoly2,BROOKLYN
36,1,5.0,2020,8819.0,clfpoly2,BROOKLYN
37,2,4.7,2020,9711.0,clfpoly2,BROOKLYN
38,3,4.3,2020,10429.0,clfpoly2,BROOKLYN
39,4,3.8,2020,11008.0,clfpoly2,BROOKLYN
40,5,4.3,2020,11436.0,clfpoly2,BROOKLYN
41,6,4.4,2020,11718.0,clfpoly2,BROOKLYN
42,7,4.6,2020,11897.0,clfpoly2,BROOKLYN
43,8,4.5,2020,11784.0,clfpoly2,BROOKLYN
44,9,4.0,2020,11326.0,clfpoly2,BROOKLYN
45,10,4.1,2020,10933.0,clfpoly2,BROOKLYN
46,11,3.8,2020,10205.0,clfpoly2,BROOKLYN
47,12,4.1,2020,9574.0,clfpoly2,BROOKLYN
48,1,5.0,2021,8329.0,clfpoly2,BROOKLYN
49,2,4.7,2021,9222.0,clfpoly2,BROOKLYN
50,3,4.3,2021,9940.0,clfpoly2,BROOKLYN
51,4,3.8,2021,10521.0,clfpoly2,BROOKLYN
52,5,4.3,2021,10948.0,clfpoly2,BROOKLYN
53,6,4.4,2021,11231.0,clfpoly2,BROOKLYN
54,7,4.6,2021,11410.0,clfpoly2,BROOKLYN
55,8,4.5,2021,11297.0,clfpoly2,BROOKLYN
56,9,4.0,2021,10840.0,clfpoly2,BROOKLYN
57,10,4.1,2021,10447.0,clfpoly2,BROOKLYN
58,11,3.8,2021,9720.0,clfpoly2,BROOKLYN
59,12,4.1,2021,9089.0,clfpoly2,BROOKLYN
60,1,5.0,2022,7839.0,clfpoly2,BROOKLYN
61,2,4.7,2022,8732.0,clfpoly2,BROOKLYN
62,3,4.3,2022,9451.0,clfpoly2,BROOKLYN
63,4,3.8,2022,10033.0,clfpoly2,BROOKLYN
64,5,4.3,2022,10460.0,clfpoly2,BROOKLYN
65,6,4.4,2022,10743.0,clfpoly2,BROOKLYN
66,7,4.6,2022,10922.0,clfpoly2,BROOKLYN
67,8,4.5,2022,10810.0,clfpoly2,BROOKLYN
68,9,4.0,2022,10354.0,clfpoly2,BROOKLYN
69,10,4.1,2022,9962.0,clfpoly2,BROOKLYN
70,11,3.8,2022,9235.0,clfpoly2,BROOKLYN
71,12,4.1,2022,8605.0,clfpoly2,BROOKLYN
0,1,5.1,2017,11629.0,clfpoly3,BROOKLYN
1,2,5.1,2017,10390.0,clfpoly3,BROOKLYN
2,3,4.5,2017,12223.0,clfpoly3,BROOKLYN
3,4,4.3,2017,12148.0,clfpoly3,BROOKLYN
4,5,4.5,2017,13407.0,clfpoly3,BROOKLYN
5,6,4.7,2017,12739.0,clfpoly3,BROOKLYN
6,7,5.3,2017,13944.0,clfpoly3,BROOKLYN
7,8,5.3,2017,13657.0,clfpoly3,BROOKLYN
8,9,4.7,2017,12877.0,clfpoly3,BROOKLYN
9,10,4.5,2017,13529.0,clfpoly3,BROOKLYN
10,11,4.2,2017,11227.0,clfpoly3,BROOKLYN
11,12,4.1,2017,10683.0,clfpoly3,BROOKLYN
12,1,4.7,2018,10501.0,clfpoly3,BROOKLYN
13,2,4.7,2018,8922.0,clfpoly3,BROOKLYN
14,3,4.4,2018,11223.0,clfpoly3,BROOKLYN
15,4,4.0,2018,11742.0,clfpoly3,BROOKLYN
16,5,3.7,2018,12882.0,clfpoly3,BROOKLYN
17,6,4.3,2018,12518.0,clfpoly3,BROOKLYN
18,7,4.5,2018,13175.0,clfpoly3,BROOKLYN
19,8,4.5,2018,13440.0,clfpoly3,BROOKLYN
20,9,4.0,2018,12220.0,clfpoly3,BROOKLYN
21,10,4.1,2018,11843.0,clfpoly3,BROOKLYN
22,11,3.8,2018,11245.0,clfpoly3,BROOKLYN
23,12,4.1,2018,10641.0,clfpoly3,BROOKLYN
24,1,5.0,2019,7531.0,clfpoly3,BROOKLYN
25,2,4.7,2019,8447.0,clfpoly3,BROOKLYN
26,3,4.3,2019,9726.0,clfpoly3,BROOKLYN
27,4,3.8,2019,11234.0,clfpoly3,BROOKLYN
28,5,4.3,2019,10799.0,clfpoly3,BROOKLYN
29,6,4.4,2019,11405.0,clfpoly3,BROOKLYN
30,7,4.6,2019,12111.0,clfpoly3,BROOKLYN
31,8,4.5,2019,12643.0,clfpoly3,BROOKLYN
32,9,4.0,2019,12412.0,clfpoly3,BROOKLYN
33,10,4.1,2019,12429.0,clfpoly3,BROOKLYN
34,11,3.8,2019,11263.0,clfpoly3,BROOKLYN
35,12,4.1,2019,11060.0,clfpoly3,BROOKLYN
36,1,5.0,2020,5715.0,clfpoly3,BROOKLYN
37,2,4.7,2020,6827.0,clfpoly3,BROOKLYN
38,3,4.3,2020,8299.0,clfpoly3,BROOKLYN
39,4,3.8,2020,9995.0,clfpoly3,BROOKLYN
40,5,4.3,2020,9782.0,clfpoly3,BROOKLYN
41,6,4.4,2020,10597.0,clfpoly3,BROOKLYN
42,7,4.6,2020,11516.0,clfpoly3,BROOKLYN
43,8,4.5,2020,12252.0,clfpoly3,BROOKLYN
44,9,4.0,2020,12207.0,clfpoly3,BROOKLYN
45,10,4.1,2020,12435.0,clfpoly3,BROOKLYN
46,11,3.8,2020,11464.0,clfpoly3,BROOKLYN
47,12,4.1,2020,11480.0,clfpoly3,BROOKLYN
48,1,5.0,2021,3896.0,clfpoly3,BROOKLYN
49,2,4.7,2021,5205.0,clfpoly3,BROOKLYN
50,3,4.3,2021,6870.0,clfpoly3,BROOKLYN
51,4,3.8,2021,8755.0,clfpoly3,BROOKLYN
52,5,4.3,2021,8763.0,clfpoly3,BROOKLYN
53,6,4.4,2021,9788.0,clfpoly3,BROOKLYN
54,7,4.6,2021,10921.0,clfpoly3,BROOKLYN
55,8,4.5,2021,11860.0,clfpoly3,BROOKLYN
56,9,4.0,2021,12003.0,clfpoly3,BROOKLYN
57,10,4.1,2021,12441.0,clfpoly3,BROOKLYN
58,11,3.8,2021,11665.0,clfpoly3,BROOKLYN
59,12,4.1,2021,11901.0,clfpoly3,BROOKLYN
60,1,5.0,2022,2077.0,clfpoly3,BROOKLYN
61,2,4.7,2022,3582.0,clfpoly3,BROOKLYN
62,3,4.3,2022,5439.0,clfpoly3,BROOKLYN
63,4,3.8,2022,7514.0,clfpoly3,BROOKLYN
64,5,4.3,2022,7744.0,clfpoly3,BROOKLYN
65,6,4.4,2022,8979.0,clfpoly3,BROOKLYN
66,7,4.6,2022,10326.0,clfpoly3,BROOKLYN
67,8,4.5,2022,11468.0,clfpoly3,BROOKLYN
68,9,4.0,2022,11798.0,clfpoly3,BROOKLYN
69,10,4.1,2022,12447.0,clfpoly3,BROOKLYN
70,11,3.8,2022,11866.0,clfpoly3,BROOKLYN
71,12,4.1,2022,12323.0,clfpoly3,BROOKLYN
0,1,5.1,2017,11629.0,dtc,BROOKLYN
1,2,5.1,2017,10390.0,dtc,BROOKLYN
2,3,4.5,2017,12223.0,dtc,BROOKLYN
3,4,4.3,2017,12148.0,dtc,BROOKLYN
4,5,4.5,2017,13407.0,dtc,BROOKLYN
5,6,4.7,2017,12739.0,dtc,BROOKLYN
6,7,5.3,2017,13944.0,dtc,BROOKLYN
7,8,5.3,2017,13657.0,dtc,BROOKLYN
8,9,4.7,2017,12877.0,dtc,BROOKLYN
9,10,4.5,2017,13529.0,dtc,BROOKLYN
10,11,4.2,2017,11227.0,dtc,BROOKLYN
11,12,4.1,2017,10683.0,dtc,BROOKLYN
12,1,4.7,2018,10501.0,dtc,BROOKLYN
13,2,4.7,2018,8922.0,dtc,BROOKLYN
14,3,4.4,2018,11223.0,dtc,BROOKLYN
15,4,4.0,2018,11742.0,dtc,BROOKLYN
16,5,3.7,2018,12882.0,dtc,BROOKLYN
17,6,4.3,2018,12518.0,dtc,BROOKLYN
18,7,4.5,2018,13175.0,dtc,BROOKLYN
19,8,4.5,2018,13440.0,dtc,BROOKLYN
20,9,4.0,2018,12220.0,dtc,BROOKLYN
21,10,4.1,2018,11843.0,dtc,BROOKLYN
22,11,3.8,2018,11245.0,dtc,BROOKLYN
23,12,4.1,2018,10641.0,dtc,BROOKLYN
24,1,5.0,2019,10501.0,dtc,BROOKLYN
25,2,4.7,2019,8922.0,dtc,BROOKLYN
26,3,4.3,2019,12226.0,dtc,BROOKLYN
27,4,3.8,2019,12226.0,dtc,BROOKLYN
28,5,4.3,2019,12226.0,dtc,BROOKLYN
29,6,4.4,2019,11223.0,dtc,BROOKLYN
30,7,4.6,2019,13194.0,dtc,BROOKLYN
31,8,4.5,2019,13194.0,dtc,BROOKLYN
32,9,4.0,2019,12226.0,dtc,BROOKLYN
33,10,4.1,2019,12226.0,dtc,BROOKLYN
34,11,3.8,2019,11236.0,dtc,BROOKLYN
35,12,4.1,2019,10662.0,dtc,BROOKLYN
36,1,5.0,2020,10501.0,dtc,BROOKLYN
37,2,4.7,2020,8922.0,dtc,BROOKLYN
38,3,4.3,2020,12226.0,dtc,BROOKLYN
39,4,3.8,2020,12226.0,dtc,BROOKLYN
40,5,4.3,2020,12226.0,dtc,BROOKLYN
41,6,4.4,2020,11223.0,dtc,BROOKLYN
42,7,4.6,2020,13194.0,dtc,BROOKLYN
43,8,4.5,2020,13194.0,dtc,BROOKLYN
44,9,4.0,2020,12226.0,dtc,BROOKLYN
45,10,4.1,2020,12226.0,dtc,BROOKLYN
46,11,3.8,2020,11236.0,dtc,BROOKLYN
47,12,4.1,2020,10662.0,dtc,BROOKLYN
48,1,5.0,2021,10501.0,dtc,BROOKLYN
49,2,4.7,2021,8922.0,dtc,BROOKLYN
50,3,4.3,2021,12226.0,dtc,BROOKLYN
51,4,3.8,2021,12226.0,dtc,BROOKLYN
52,5,4.3,2021,12226.0,dtc,BROOKLYN
53,6,4.4,2021,11223.0,dtc,BROOKLYN
54,7,4.6,2021,13194.0,dtc,BROOKLYN
55,8,4.5,2021,13194.0,dtc,BROOKLYN
56,9,4.0,2021,12226.0,dtc,BROOKLYN
57,10,4.1,2021,12226.0,dtc,BROOKLYN
58,11,3.8,2021,11236.0,dtc,BROOKLYN
59,12,4.1,2021,10662.0,dtc,BROOKLYN
60,1,5.0,2022,10501.0,dtc,BROOKLYN
61,2,4.7,2022,8922.0,dtc,BROOKLYN
62,3,4.3,2022,12226.0,dtc,BROOKLYN
63,4,3.8,2022,12226.0,dtc,BROOKLYN
64,5,4.3,2022,12226.0,dtc,BROOKLYN
65,6,4.4,2022,11223.0,dtc,BROOKLYN
66,7,4.6,2022,13194.0,dtc,BROOKLYN
67,8,4.5,2022,13194.0,dtc,BROOKLYN
68,9,4.0,2022,12226.0,dtc,BROOKLYN
69,10,4.1,2022,12226.0,dtc,BROOKLYN
70,11,3.8,2022,11236.0,dtc,BROOKLYN
71,12,4.1,2022,10662.0,dtc,BROOKLYN
0,1,5.1,2017,11629.0,knn,BROOKLYN
1,2,5.1,2017,10390.0,knn,BROOKLYN
2,3,4.5,2017,12223.0,knn,BROOKLYN
3,4,4.3,2017,12148.0,knn,BROOKLYN
4,5,4.5,2017,13407.0,knn,BROOKLYN
5,6,4.7,2017,12739.0,knn,BROOKLYN
6,7,5.3,2017,13944.0,knn,BROOKLYN
7,8,5.3,2017,13657.0,knn,BROOKLYN
8,9,4.7,2017,12877.0,knn,BROOKLYN
9,10,4.5,2017,13529.0,knn,BROOKLYN
10,11,4.2,2017,11227.0,knn,BROOKLYN
11,12,4.1,2017,10683.0,knn,BROOKLYN
12,1,4.7,2018,10501.0,knn,BROOKLYN
13,2,4.7,2018,8922.0,knn,BROOKLYN
14,3,4.4,2018,11223.0,knn,BROOKLYN
15,4,4.0,2018,11742.0,knn,BROOKLYN
16,5,3.7,2018,12882.0,knn,BROOKLYN
17,6,4.3,2018,12518.0,knn,BROOKLYN
18,7,4.5,2018,13175.0,knn,BROOKLYN
19,8,4.5,2018,13440.0,knn,BROOKLYN
20,9,4.0,2018,12220.0,knn,BROOKLYN
21,10,4.1,2018,11843.0,knn,BROOKLYN
22,11,3.8,2018,11245.0,knn,BROOKLYN
23,12,4.1,2018,10641.0,knn,BROOKLYN
24,1,5.0,2019,11507.0,knn,BROOKLYN
25,2,4.7,2019,11507.0,knn,BROOKLYN
26,3,4.3,2019,11507.0,knn,BROOKLYN
27,4,3.8,2019,11819.0,knn,BROOKLYN
28,5,4.3,2019,12600.0,knn,BROOKLYN
29,6,4.4,2019,12965.0,knn,BROOKLYN
30,7,4.6,2019,13086.0,knn,BROOKLYN
31,8,4.5,2019,12994.0,knn,BROOKLYN
32,9,4.0,2019,12716.0,knn,BROOKLYN
33,10,4.1,2019,12136.0,knn,BROOKLYN
34,11,3.8,2019,12136.0,knn,BROOKLYN
35,12,4.1,2019,12136.0,knn,BROOKLYN
36,1,5.0,2020,11507.0,knn,BROOKLYN
37,2,4.7,2020,11507.0,knn,BROOKLYN
38,3,4.3,2020,11596.0,knn,BROOKLYN
39,4,3.8,2020,11874.0,knn,BROOKLYN
40,5,4.3,2020,12550.0,knn,BROOKLYN
41,6,4.4,2020,12722.0,knn,BROOKLYN
42,7,4.6,2020,13086.0,knn,BROOKLYN
43,8,4.5,2020,12994.0,knn,BROOKLYN
44,9,4.0,2020,12385.0,knn,BROOKLYN
45,10,4.1,2020,12088.0,knn,BROOKLYN
46,11,3.8,2020,12136.0,knn,BROOKLYN
47,12,4.1,2020,12136.0,knn,BROOKLYN
48,1,5.0,2021,11507.0,knn,BROOKLYN
49,2,4.7,2021,11507.0,knn,BROOKLYN
50,3,4.3,2021,11596.0,knn,BROOKLYN
51,4,3.8,2021,11874.0,knn,BROOKLYN
52,5,4.3,2021,12220.0,knn,BROOKLYN
53,6,4.4,2021,12729.0,knn,BROOKLYN
54,7,4.6,2021,12816.0,knn,BROOKLYN
55,8,4.5,2021,12780.0,knn,BROOKLYN
56,9,4.0,2021,12514.0,knn,BROOKLYN
57,10,4.1,2021,12088.0,knn,BROOKLYN
58,11,3.8,2021,12088.0,knn,BROOKLYN
59,12,4.1,2021,12136.0,knn,BROOKLYN
60,1,5.0,2022,11507.0,knn,BROOKLYN
61,2,4.7,2022,11418.0,knn,BROOKLYN
62,3,4.3,2022,11596.0,knn,BROOKLYN
63,4,3.8,2022,11874.0,knn,BROOKLYN
64,5,4.3,2022,12220.0,knn,BROOKLYN
65,6,4.4,2022,12729.0,knn,BROOKLYN
66,7,4.6,2022,12816.0,knn,BROOKLYN
67,8,4.5,2022,12780.0,knn,BROOKLYN
68,9,4.0,2022,12514.0,knn,BROOKLYN
69,10,4.1,2022,12088.0,knn,BROOKLYN
70,11,3.8,2022,12088.0,knn,BROOKLYN
71,12,4.1,2022,12088.0,knn,BROOKLYN
0,1,5.1,2017,11629.0,lr,BROOKLYN
1,2,5.1,2017,10390.0,lr,BROOKLYN
2,3,4.5,2017,12223.0,lr,BROOKLYN
3,4,4.3,2017,12148.0,lr,BROOKLYN
4,5,4.5,2017,13407.0,lr,BROOKLYN
5,6,4.7,2017,12739.0,lr,BROOKLYN
6,7,5.3,2017,13944.0,lr,BROOKLYN
7,8,5.3,2017,13657.0,lr,BROOKLYN
8,9,4.7,2017,12877.0,lr,BROOKLYN
9,10,4.5,2017,13529.0,lr,BROOKLYN
10,11,4.2,2017,11227.0,lr,BROOKLYN
11,12,4.1,2017,10683.0,lr,BROOKLYN
12,1,4.7,2018,10501.0,lr,BROOKLYN
13,2,4.7,2018,8922.0,lr,BROOKLYN
14,3,4.4,2018,11223.0,lr,BROOKLYN
15,4,4.0,2018,11742.0,lr,BROOKLYN
16,5,3.7,2018,12882.0,lr,BROOKLYN
17,6,4.3,2018,12518.0,lr,BROOKLYN
18,7,4.5,2018,13175.0,lr,BROOKLYN
19,8,4.5,2018,13440.0,lr,BROOKLYN
20,9,4.0,2018,12220.0,lr,BROOKLYN
21,10,4.1,2018,11843.0,lr,BROOKLYN
22,11,3.8,2018,11245.0,lr,BROOKLYN
23,12,4.1,2018,10641.0,lr,BROOKLYN
24,1,5.0,2019,11629.0,lr,BROOKLYN
25,2,4.7,2019,10501.0,lr,BROOKLYN
26,3,4.3,2019,11223.0,lr,BROOKLYN
27,4,3.8,2019,12882.0,lr,BROOKLYN
28,5,4.3,2019,12882.0,lr,BROOKLYN
29,6,4.4,2019,12518.0,lr,BROOKLYN
30,7,4.6,2019,13944.0,lr,BROOKLYN
31,8,4.5,2019,13657.0,lr,BROOKLYN
32,9,4.0,2019,12220.0,lr,BROOKLYN
33,10,4.1,2019,11245.0,lr,BROOKLYN
34,11,3.8,2019,11245.0,lr,BROOKLYN
35,12,4.1,2019,10683.0,lr,BROOKLYN
36,1,5.0,2020,11629.0,lr,BROOKLYN
37,2,4.7,2020,10501.0,lr,BROOKLYN
38,3,4.3,2020,11223.0,lr,BROOKLYN
39,4,3.8,2020,12882.0,lr,BROOKLYN
40,5,4.3,2020,12882.0,lr,BROOKLYN
41,6,4.4,2020,12518.0,lr,BROOKLYN
42,7,4.6,2020,13944.0,lr,BROOKLYN
43,8,4.5,2020,13657.0,lr,BROOKLYN
44,9,4.0,2020,12220.0,lr,BROOKLYN
45,10,4.1,2020,11245.0,lr,BROOKLYN
46,11,3.8,2020,11245.0,lr,BROOKLYN
47,12,4.1,2020,10683.0,lr,BROOKLYN
48,1,5.0,2021,11629.0,lr,BROOKLYN
49,2,4.7,2021,10501.0,lr,BROOKLYN
50,3,4.3,2021,11223.0,lr,BROOKLYN
51,4,3.8,2021,12882.0,lr,BROOKLYN
52,5,4.3,2021,12882.0,lr,BROOKLYN
53,6,4.4,2021,12518.0,lr,BROOKLYN
54,7,4.6,2021,13944.0,lr,BROOKLYN
55,8,4.5,2021,13657.0,lr,BROOKLYN
56,9,4.0,2021,12220.0,lr,BROOKLYN
57,10,4.1,2021,11245.0,lr,BROOKLYN
58,11,3.8,2021,11245.0,lr,BROOKLYN
59,12,4.1,2021,10683.0,lr,BROOKLYN
60,1,5.0,2022,11629.0,lr,BROOKLYN
61,2,4.7,2022,10501.0,lr,BROOKLYN
62,3,4.3,2022,11223.0,lr,BROOKLYN
63,4,3.8,2022,12882.0,lr,BROOKLYN
64,5,4.3,2022,12882.0,lr,BROOKLYN
65,6,4.4,2022,12518.0,lr,BROOKLYN
66,7,4.6,2022,13944.0,lr,BROOKLYN
67,8,4.5,2022,13657.0,lr,BROOKLYN
68,9,4.0,2022,12220.0,lr,BROOKLYN
69,10,4.1,2022,11245.0,lr,BROOKLYN
70,11,3.8,2022,11245.0,lr,BROOKLYN
71,12,4.1,2022,10683.0,lr,BROOKLYN
0,1,5.1,2017,11629.0,rf,BROOKLYN
1,2,5.1,2017,10390.0,rf,BROOKLYN
2,3,4.5,2017,12223.0,rf,BROOKLYN
3,4,4.3,2017,12148.0,rf,BROOKLYN
4,5,4.5,2017,13407.0,rf,BROOKLYN
5,6,4.7,2017,12739.0,rf,BROOKLYN
6,7,5.3,2017,13944.0,rf,BROOKLYN
7,8,5.3,2017,13657.0,rf,BROOKLYN
8,9,4.7,2017,12877.0,rf,BROOKLYN
9,10,4.5,2017,13529.0,rf,BROOKLYN
10,11,4.2,2017,11227.0,rf,BROOKLYN
11,12,4.1,2017,10683.0,rf,BROOKLYN
12,1,4.7,2018,10501.0,rf,BROOKLYN
13,2,4.7,2018,8922.0,rf,BROOKLYN
14,3,4.4,2018,11223.0,rf,BROOKLYN
15,4,4.0,2018,11742.0,rf,BROOKLYN
16,5,3.7,2018,12882.0,rf,BROOKLYN
17,6,4.3,2018,12518.0,rf,BROOKLYN
18,7,4.5,2018,13175.0,rf,BROOKLYN
19,8,4.5,2018,13440.0,rf,BROOKLYN
20,9,4.0,2018,12220.0,rf,BROOKLYN
21,10,4.1,2018,11843.0,rf,BROOKLYN
22,11,3.8,2018,11245.0,rf,BROOKLYN
23,12,4.1,2018,10641.0,rf,BROOKLYN
24,1,5.0,2019,10608.0,rf,BROOKLYN
25,2,4.7,2019,9468.0,rf,BROOKLYN
26,3,4.3,2019,11316.0,rf,BROOKLYN
27,4,3.8,2019,12187.0,rf,BROOKLYN
28,5,4.3,2019,12464.0,rf,BROOKLYN
29,6,4.4,2019,12538.0,rf,BROOKLYN
30,7,4.6,2019,13202.0,rf,BROOKLYN
31,8,4.5,2019,13369.0,rf,BROOKLYN
32,9,4.0,2019,12237.0,rf,BROOKLYN
33,10,4.1,2019,12078.0,rf,BROOKLYN
34,11,3.8,2019,11349.0,rf,BROOKLYN
35,12,4.1,2019,10649.0,rf,BROOKLYN
36,1,5.0,2020,10608.0,rf,BROOKLYN
37,2,4.7,2020,9468.0,rf,BROOKLYN
38,3,4.3,2020,11316.0,rf,BROOKLYN
39,4,3.8,2020,12187.0,rf,BROOKLYN
40,5,4.3,2020,12464.0,rf,BROOKLYN
41,6,4.4,2020,12538.0,rf,BROOKLYN
42,7,4.6,2020,13202.0,rf,BROOKLYN
43,8,4.5,2020,13369.0,rf,BROOKLYN
44,9,4.0,2020,12237.0,rf,BROOKLYN
45,10,4.1,2020,12078.0,rf,BROOKLYN
46,11,3.8,2020,11349.0,rf,BROOKLYN
47,12,4.1,2020,10649.0,rf,BROOKLYN
48,1,5.0,2021,10608.0,rf,BROOKLYN
49,2,4.7,2021,9468.0,rf,BROOKLYN
50,3,4.3,2021,11316.0,rf,BROOKLYN
51,4,3.8,2021,12187.0,rf,BROOKLYN
52,5,4.3,2021,12464.0,rf,BROOKLYN
53,6,4.4,2021,12538.0,rf,BROOKLYN
54,7,4.6,2021,13202.0,rf,BROOKLYN
55,8,4.5,2021,13369.0,rf,BROOKLYN
56,9,4.0,2021,12237.0,rf,BROOKLYN
57,10,4.1,2021,12078.0,rf,BROOKLYN
58,11,3.8,2021,11349.0,rf,BROOKLYN
59,12,4.1,2021,10649.0,rf,BROOKLYN
60,1,5.0,2022,10608.0,rf,BROOKLYN
61,2,4.7,2022,9468.0,rf,BROOKLYN
62,3,4.3,2022,11316.0,rf,BROOKLYN
63,4,3.8,2022,12187.0,rf,BROOKLYN
64,5,4.3,2022,12464.0,rf,BROOKLYN
65,6,4.4,2022,12538.0,rf,BROOKLYN
66,7,4.6,2022,13202.0,rf,BROOKLYN
67,8,4.5,2022,13369.0,rf,BROOKLYN
68,9,4.0,2022,12237.0,rf,BROOKLYN
69,10,4.1,2022,12078.0,rf,BROOKLYN
70,11,3.8,2022,11349.0,rf,BROOKLYN
71,12,4.1,2022,10649.0,rf,BROOKLYN
0,1,4.5,2017,8955.0,clfpoly2,MANHATTAN
1,2,4.4,2017,8088.0,clfpoly2,MANHATTAN
2,3,4.0,2017,9341.0,clfpoly2,MANHATTAN
3,4,3.8,2017,9019.0,clfpoly2,MANHATTAN
4,5,3.9,2017,10391.0,clfpoly2,MANHATTAN
5,6,4.1,2017,10058.0,clfpoly2,MANHATTAN
6,7,4.4,2017,10277.0,clfpoly2,MANHATTAN
7,8,4.5,2017,10235.0,clfpoly2,MANHATTAN
8,9,4.1,2017,9876.0,clfpoly2,MANHATTAN
9,10,3.9,2017,10018.0,clfpoly2,MANHATTAN
10,11,3.7,2017,8827.0,clfpoly2,MANHATTAN
11,12,3.6,2017,8011.0,clfpoly2,MANHATTAN
12,1,4.1,2018,8181.0,clfpoly2,MANHATTAN
13,2,4.1,2018,7527.0,clfpoly2,MANHATTAN
14,3,3.9,2018,8888.0,clfpoly2,MANHATTAN
15,4,3.5,2018,9417.0,clfpoly2,MANHATTAN
16,5,3.3,2018,9950.0,clfpoly2,MANHATTAN
17,6,3.8,2018,9583.0,clfpoly2,MANHATTAN
18,7,3.8,2018,10308.0,clfpoly2,MANHATTAN
19,8,3.8,2018,10251.0,clfpoly2,MANHATTAN
20,9,3.4,2018,9597.0,clfpoly2,MANHATTAN
21,10,3.5,2018,9619.0,clfpoly2,MANHATTAN
22,11,3.3,2018,8755.0,clfpoly2,MANHATTAN
23,12,3.6,2018,8504.0,clfpoly2,MANHATTAN
24,1,4.4,2019,7841.0,clfpoly2,MANHATTAN
25,2,4.1,2019,8396.0,clfpoly2,MANHATTAN
26,3,3.7,2019,8822.0,clfpoly2,MANHATTAN
27,4,3.3,2019,9185.0,clfpoly2,MANHATTAN
28,5,3.8,2019,9679.0,clfpoly2,MANHATTAN
29,6,3.8,2019,9882.0,clfpoly2,MANHATTAN
30,7,3.9,2019,9974.0,clfpoly2,MANHATTAN
31,8,3.8,2019,9878.0,clfpoly2,MANHATTAN
32,9,3.4,2019,9625.0,clfpoly2,MANHATTAN
33,10,3.5,2019,9300.0,clfpoly2,MANHATTAN
34,11,3.3,2019,8835.0,clfpoly2,MANHATTAN
35,12,3.6,2019,8223.0,clfpoly2,MANHATTAN
36,1,4.4,2020,7742.0,clfpoly2,MANHATTAN
37,2,4.1,2020,8298.0,clfpoly2,MANHATTAN
38,3,3.7,2020,8725.0,clfpoly2,MANHATTAN
39,4,3.3,2020,9088.0,clfpoly2,MANHATTAN
40,5,3.8,2020,9583.0,clfpoly2,MANHATTAN
41,6,3.8,2020,9787.0,clfpoly2,MANHATTAN
42,7,3.9,2020,9879.0,clfpoly2,MANHATTAN
43,8,3.8,2020,9783.0,clfpoly2,MANHATTAN
44,9,3.4,2020,9531.0,clfpoly2,MANHATTAN
45,10,3.5,2020,9207.0,clfpoly2,MANHATTAN
46,11,3.3,2020,8743.0,clfpoly2,MANHATTAN
47,12,3.6,2020,8131.0,clfpoly2,MANHATTAN
48,1,4.4,2021,7644.0,clfpoly2,MANHATTAN
49,2,4.1,2021,8200.0,clfpoly2,MANHATTAN
50,3,3.7,2021,8628.0,clfpoly2,MANHATTAN
51,4,3.3,2021,8991.0,clfpoly2,MANHATTAN
52,5,3.8,2021,9487.0,clfpoly2,MANHATTAN
53,6,3.8,2021,9691.0,clfpoly2,MANHATTAN
54,7,3.9,2021,9784.0,clfpoly2,MANHATTAN
55,8,3.8,2021,9689.0,clfpoly2,MANHATTAN
56,9,3.4,2021,9437.0,clfpoly2,MANHATTAN
57,10,3.5,2021,9114.0,clfpoly2,MANHATTAN
58,11,3.3,2021,8650.0,clfpoly2,MANHATTAN
59,12,3.6,2021,8038.0,clfpoly2,MANHATTAN
60,1,4.4,2022,7545.0,clfpoly2,MANHATTAN
61,2,4.1,2022,8102.0,clfpoly2,MANHATTAN
62,3,3.7,2022,8530.0,clfpoly2,MANHATTAN
63,4,3.3,2022,8895.0,clfpoly2,MANHATTAN
64,5,3.8,2022,9391.0,clfpoly2,MANHATTAN
65,6,3.8,2022,9595.0,clfpoly2,MANHATTAN
66,7,3.9,2022,9689.0,clfpoly2,MANHATTAN
67,8,3.8,2022,9594.0,clfpoly2,MANHATTAN
68,9,3.4,2022,9343.0,clfpoly2,MANHATTAN
69,10,3.5,2022,9020.0,clfpoly2,MANHATTAN
70,11,3.3,2022,8557.0,clfpoly2,MANHATTAN
71,12,3.6,2022,7946.0,clfpoly2,MANHATTAN
0,1,4.5,2017,8955.0,clfpoly3,MANHATTAN
1,2,4.4,2017,8088.0,clfpoly3,MANHATTAN
2,3,4.0,2017,9341.0,clfpoly3,MANHATTAN
3,4,3.8,2017,9019.0,clfpoly3,MANHATTAN
4,5,3.9,2017,10391.0,clfpoly3,MANHATTAN
5,6,4.1,2017,10058.0,clfpoly3,MANHATTAN
6,7,4.4,2017,10277.0,clfpoly3,MANHATTAN
7,8,4.5,2017,10235.0,clfpoly3,MANHATTAN
8,9,4.1,2017,9876.0,clfpoly3,MANHATTAN
9,10,3.9,2017,10018.0,clfpoly3,MANHATTAN
10,11,3.7,2017,8827.0,clfpoly3,MANHATTAN
11,12,3.6,2017,8011.0,clfpoly3,MANHATTAN
12,1,4.1,2018,8181.0,clfpoly3,MANHATTAN
13,2,4.1,2018,7527.0,clfpoly3,MANHATTAN
14,3,3.9,2018,8888.0,clfpoly3,MANHATTAN
15,4,3.5,2018,9417.0,clfpoly3,MANHATTAN
16,5,3.3,2018,9950.0,clfpoly3,MANHATTAN
17,6,3.8,2018,9583.0,clfpoly3,MANHATTAN
18,7,3.8,2018,10308.0,clfpoly3,MANHATTAN
19,8,3.8,2018,10251.0,clfpoly3,MANHATTAN
20,9,3.4,2018,9597.0,clfpoly3,MANHATTAN
21,10,3.5,2018,9619.0,clfpoly3,MANHATTAN
22,11,3.3,2018,8755.0,clfpoly3,MANHATTAN
23,12,3.6,2018,8504.0,clfpoly3,MANHATTAN
24,1,4.4,2019,6606.0,clfpoly3,MANHATTAN
25,2,4.1,2019,7243.0,clfpoly3,MANHATTAN
26,3,3.7,2019,8213.0,clfpoly3,MANHATTAN
27,4,3.3,2019,9185.0,clfpoly3,MANHATTAN
28,5,3.8,2019,8986.0,clfpoly3,MANHATTAN
29,6,3.8,2019,9467.0,clfpoly3,MANHATTAN
30,7,3.9,2019,9881.0,clfpoly3,MANHATTAN
31,8,3.8,2019,10207.0,clfpoly3,MANHATTAN
32,9,3.4,2019,10033.0,clfpoly3,MANHATTAN
33,10,3.5,2019,9963.0,clfpoly3,MANHATTAN
34,11,3.3,2019,9116.0,clfpoly3,MANHATTAN
35,12,3.6,2019,9005.0,clfpoly3,MANHATTAN
36,1,4.4,2020,5605.0,clfpoly3,MANHATTAN
37,2,4.1,2020,6394.0,clfpoly3,MANHATTAN
38,3,3.7,2020,7522.0,clfpoly3,MANHATTAN
39,4,3.3,2020,8651.0,clfpoly3,MANHATTAN
40,5,3.8,2020,8566.0,clfpoly3,MANHATTAN
41,6,3.8,2020,9186.0,clfpoly3,MANHATTAN
42,7,3.9,2020,9735.0,clfpoly3,MANHATTAN
43,8,3.8,2020,10205.0,clfpoly3,MANHATTAN
44,9,3.4,2020,10186.0,clfpoly3,MANHATTAN
45,10,3.5,2020,10250.0,clfpoly3,MANHATTAN
46,11,3.3,2020,9550.0,clfpoly3,MANHATTAN
47,12,3.6,2020,9567.0,clfpoly3,MANHATTAN
48,1,4.4,2021,4602.0,clfpoly3,MANHATTAN
49,2,4.1,2021,5545.0,clfpoly3,MANHATTAN
50,3,3.7,2021,6830.0,clfpoly3,MANHATTAN
51,4,3.3,2021,8116.0,clfpoly3,MANHATTAN
52,5,3.8,2021,8147.0,clfpoly3,MANHATTAN
53,6,3.8,2021,8906.0,clfpoly3,MANHATTAN
54,7,3.9,2021,9589.0,clfpoly3,MANHATTAN
55,8,3.8,2021,10202.0,clfpoly3,MANHATTAN
56,9,3.4,2021,10338.0,clfpoly3,MANHATTAN
57,10,3.5,2021,10538.0,clfpoly3,MANHATTAN
58,11,3.3,2021,9985.0,clfpoly3,MANHATTAN
59,12,3.6,2021,10129.0,clfpoly3,MANHATTAN
60,1,4.4,2022,3598.0,clfpoly3,MANHATTAN
61,2,4.1,2022,4694.0,clfpoly3,MANHATTAN
62,3,3.7,2022,6138.0,clfpoly3,MANHATTAN
63,4,3.3,2022,7581.0,clfpoly3,MANHATTAN
64,5,3.8,2022,7727.0,clfpoly3,MANHATTAN
65,6,3.8,2022,8625.0,clfpoly3,MANHATTAN
66,7,3.9,2022,9442.0,clfpoly3,MANHATTAN
67,8,3.8,2022,10199.0,clfpoly3,MANHATTAN
68,9,3.4,2022,10492.0,clfpoly3,MANHATTAN
69,10,3.5,2022,10826.0,clfpoly3,MANHATTAN
70,11,3.3,2022,10420.0,clfpoly3,MANHATTAN
71,12,3.6,2022,10692.0,clfpoly3,MANHATTAN
0,1,4.5,2017,8955.0,dtc,MANHATTAN
1,2,4.4,2017,8088.0,dtc,MANHATTAN
2,3,4.0,2017,9341.0,dtc,MANHATTAN
3,4,3.8,2017,9019.0,dtc,MANHATTAN
4,5,3.9,2017,10391.0,dtc,MANHATTAN
5,6,4.1,2017,10058.0,dtc,MANHATTAN
6,7,4.4,2017,10277.0,dtc,MANHATTAN
7,8,4.5,2017,10235.0,dtc,MANHATTAN
8,9,4.1,2017,9876.0,dtc,MANHATTAN
9,10,3.9,2017,10018.0,dtc,MANHATTAN
10,11,3.7,2017,8827.0,dtc,MANHATTAN
11,12,3.6,2017,8011.0,dtc,MANHATTAN
12,1,4.1,2018,8181.0,dtc,MANHATTAN
13,2,4.1,2018,7527.0,dtc,MANHATTAN
14,3,3.9,2018,8888.0,dtc,MANHATTAN
15,4,3.5,2018,9417.0,dtc,MANHATTAN
16,5,3.3,2018,9950.0,dtc,MANHATTAN
17,6,3.8,2018,9583.0,dtc,MANHATTAN
18,7,3.8,2018,10308.0,dtc,MANHATTAN
19,8,3.8,2018,10251.0,dtc,MANHATTAN
20,9,3.4,2018,9597.0,dtc,MANHATTAN
21,10,3.5,2018,9619.0,dtc,MANHATTAN
22,11,3.3,2018,8755.0,dtc,MANHATTAN
23,12,3.6,2018,8504.0,dtc,MANHATTAN
24,1,4.4,2019,8181.0,dtc,MANHATTAN
25,2,4.1,2019,7527.0,dtc,MANHATTAN
26,3,3.7,2019,9083.0,dtc,MANHATTAN
27,4,3.3,2019,9417.0,dtc,MANHATTAN
28,5,3.8,2019,10111.0,dtc,MANHATTAN
29,6,3.8,2019,10111.0,dtc,MANHATTAN
30,7,3.9,2019,10111.0,dtc,MANHATTAN
31,8,3.8,2019,10111.0,dtc,MANHATTAN
32,9,3.4,2019,9722.0,dtc,MANHATTAN
33,10,3.5,2019,9722.0,dtc,MANHATTAN
34,11,3.3,2019,8755.0,dtc,MANHATTAN
35,12,3.6,2019,8504.0,dtc,MANHATTAN
36,1,4.4,2020,8181.0,dtc,MANHATTAN
37,2,4.1,2020,7527.0,dtc,MANHATTAN
38,3,3.7,2020,9083.0,dtc,MANHATTAN
39,4,3.3,2020,9417.0,dtc,MANHATTAN
40,5,3.8,2020,10111.0,dtc,MANHATTAN
41,6,3.8,2020,10111.0,dtc,MANHATTAN
42,7,3.9,2020,10111.0,dtc,MANHATTAN
43,8,3.8,2020,10111.0,dtc,MANHATTAN
44,9,3.4,2020,9722.0,dtc,MANHATTAN
45,10,3.5,2020,9722.0,dtc,MANHATTAN
46,11,3.3,2020,8755.0,dtc,MANHATTAN
47,12,3.6,2020,8504.0,dtc,MANHATTAN
48,1,4.4,2021,8181.0,dtc,MANHATTAN
49,2,4.1,2021,7527.0,dtc,MANHATTAN
50,3,3.7,2021,9083.0,dtc,MANHATTAN
51,4,3.3,2021,9417.0,dtc,MANHATTAN
52,5,3.8,2021,10111.0,dtc,MANHATTAN
53,6,3.8,2021,10111.0,dtc,MANHATTAN
54,7,3.9,2021,10111.0,dtc,MANHATTAN
55,8,3.8,2021,10111.0,dtc,MANHATTAN
56,9,3.4,2021,9722.0,dtc,MANHATTAN
57,10,3.5,2021,9722.0,dtc,MANHATTAN
58,11,3.3,2021,8755.0,dtc,MANHATTAN
59,12,3.6,2021,8504.0,dtc,MANHATTAN
60,1,4.4,2022,8181.0,dtc,MANHATTAN
61,2,4.1,2022,7527.0,dtc,MANHATTAN
62,3,3.7,2022,9083.0,dtc,MANHATTAN
63,4,3.3,2022,9417.0,dtc,MANHATTAN
64,5,3.8,2022,10111.0,dtc,MANHATTAN
65,6,3.8,2022,10111.0,dtc,MANHATTAN
66,7,3.9,2022,10111.0,dtc,MANHATTAN
67,8,3.8,2022,10111.0,dtc,MANHATTAN
68,9,3.4,2022,9722.0,dtc,MANHATTAN
69,10,3.5,2022,9722.0,dtc,MANHATTAN
70,11,3.3,2022,8755.0,dtc,MANHATTAN
71,12,3.6,2022,8504.0,dtc,MANHATTAN
0,1,4.5,2017,8955.0,knn,MANHATTAN
1,2,4.4,2017,8088.0,knn,MANHATTAN
2,3,4.0,2017,9341.0,knn,MANHATTAN
3,4,3.8,2017,9019.0,knn,MANHATTAN
4,5,3.9,2017,10391.0,knn,MANHATTAN
5,6,4.1,2017,10058.0,knn,MANHATTAN
6,7,4.4,2017,10277.0,knn,MANHATTAN
7,8,4.5,2017,10235.0,knn,MANHATTAN
8,9,4.1,2017,9876.0,knn,MANHATTAN
9,10,3.9,2017,10018.0,knn,MANHATTAN
10,11,3.7,2017,8827.0,knn,MANHATTAN
11,12,3.6,2017,8011.0,knn,MANHATTAN
12,1,4.1,2018,8181.0,knn,MANHATTAN
13,2,4.1,2018,7527.0,knn,MANHATTAN
14,3,3.9,2018,8888.0,knn,MANHATTAN
15,4,3.5,2018,9417.0,knn,MANHATTAN
16,5,3.3,2018,9950.0,knn,MANHATTAN
17,6,3.8,2018,9583.0,knn,MANHATTAN
18,7,3.8,2018,10308.0,knn,MANHATTAN
19,8,3.8,2018,10251.0,knn,MANHATTAN
20,9,3.4,2018,9597.0,knn,MANHATTAN
21,10,3.5,2018,9619.0,knn,MANHATTAN
22,11,3.3,2018,8755.0,knn,MANHATTAN
23,12,3.6,2018,8504.0,knn,MANHATTAN
24,1,4.4,2019,8976.0,knn,MANHATTAN
25,2,4.1,2019,8976.0,knn,MANHATTAN
26,3,3.7,2019,8976.0,knn,MANHATTAN
27,4,3.3,2019,9226.0,knn,MANHATTAN
28,5,3.8,2019,9723.0,knn,MANHATTAN
29,6,3.8,2019,9949.0,knn,MANHATTAN
30,7,3.9,2019,10053.0,knn,MANHATTAN
31,8,3.8,2019,9982.0,knn,MANHATTAN
32,9,3.4,2019,9776.0,knn,MANHATTAN
33,10,3.5,2019,9369.0,knn,MANHATTAN
34,11,3.3,2019,9369.0,knn,MANHATTAN
35,12,3.6,2019,9369.0,knn,MANHATTAN
36,1,4.4,2020,8976.0,knn,MANHATTAN
37,2,4.1,2020,8976.0,knn,MANHATTAN
38,3,3.7,2020,9038.0,knn,MANHATTAN
39,4,3.3,2020,9260.0,knn,MANHATTAN
40,5,3.8,2020,9721.0,knn,MANHATTAN
41,6,3.8,2020,9814.0,knn,MANHATTAN
42,7,3.9,2020,10053.0,knn,MANHATTAN
43,8,3.8,2020,9982.0,knn,MANHATTAN
44,9,3.4,2020,9599.0,knn,MANHATTAN
45,10,3.5,2020,9377.0,knn,MANHATTAN
46,11,3.3,2020,9369.0,knn,MANHATTAN
47,12,3.6,2020,9369.0,knn,MANHATTAN
48,1,4.4,2021,8976.0,knn,MANHATTAN
49,2,4.1,2021,8976.0,knn,MANHATTAN
50,3,3.7,2021,9038.0,knn,MANHATTAN
51,4,3.3,2021,9260.0,knn,MANHATTAN
52,5,3.8,2021,9539.0,knn,MANHATTAN
53,6,3.8,2021,9872.0,knn,MANHATTAN
54,7,3.9,2021,9930.0,knn,MANHATTAN
55,8,3.8,2021,9845.0,knn,MANHATTAN
56,9,3.4,2021,9675.0,knn,MANHATTAN
57,10,3.5,2021,9377.0,knn,MANHATTAN
58,11,3.3,2021,9377.0,knn,MANHATTAN
59,12,3.6,2021,9369.0,knn,MANHATTAN
60,1,4.4,2022,8976.0,knn,MANHATTAN
61,2,4.1,2022,8895.0,knn,MANHATTAN
62,3,3.7,2022,9038.0,knn,MANHATTAN
63,4,3.3,2022,9260.0,knn,MANHATTAN
64,5,3.8,2022,9539.0,knn,MANHATTAN
65,6,3.8,2022,9872.0,knn,MANHATTAN
66,7,3.9,2022,9930.0,knn,MANHATTAN
67,8,3.8,2022,9845.0,knn,MANHATTAN
68,9,3.4,2022,9675.0,knn,MANHATTAN
69,10,3.5,2022,9377.0,knn,MANHATTAN
70,11,3.3,2022,9377.0,knn,MANHATTAN
71,12,3.6,2022,9377.0,knn,MANHATTAN
0,1,4.5,2017,8955.0,lr,MANHATTAN
1,2,4.4,2017,8088.0,lr,MANHATTAN
2,3,4.0,2017,9341.0,lr,MANHATTAN
3,4,3.8,2017,9019.0,lr,MANHATTAN
4,5,3.9,2017,10391.0,lr,MANHATTAN
5,6,4.1,2017,10058.0,lr,MANHATTAN
6,7,4.4,2017,10277.0,lr,MANHATTAN
7,8,4.5,2017,10235.0,lr,MANHATTAN
8,9,4.1,2017,9876.0,lr,MANHATTAN
9,10,3.9,2017,10018.0,lr,MANHATTAN
10,11,3.7,2017,8827.0,lr,MANHATTAN
11,12,3.6,2017,8011.0,lr,MANHATTAN
12,1,4.1,2018,8181.0,lr,MANHATTAN
13,2,4.1,2018,7527.0,lr,MANHATTAN
14,3,3.9,2018,8888.0,lr,MANHATTAN
15,4,3.5,2018,9417.0,lr,MANHATTAN
16,5,3.3,2018,9950.0,lr,MANHATTAN
17,6,3.8,2018,9583.0,lr,MANHATTAN
18,7,3.8,2018,10308.0,lr,MANHATTAN
19,8,3.8,2018,10251.0,lr,MANHATTAN
20,9,3.4,2018,9597.0,lr,MANHATTAN
21,10,3.5,2018,9619.0,lr,MANHATTAN
22,11,3.3,2018,8755.0,lr,MANHATTAN
23,12,3.6,2018,8504.0,lr,MANHATTAN
24,1,4.4,2019,8955.0,lr,MANHATTAN
25,2,4.1,2019,8181.0,lr,MANHATTAN
26,3,3.7,2019,8888.0,lr,MANHATTAN
27,4,3.3,2019,9950.0,lr,MANHATTAN
28,5,3.8,2019,9950.0,lr,MANHATTAN
29,6,3.8,2019,9950.0,lr,MANHATTAN
30,7,3.9,2019,10277.0,lr,MANHATTAN
31,8,3.8,2019,10251.0,lr,MANHATTAN
32,9,3.4,2019,9597.0,lr,MANHATTAN
33,10,3.5,2019,8755.0,lr,MANHATTAN
34,11,3.3,2019,8755.0,lr,MANHATTAN
35,12,3.6,2019,8011.0,lr,MANHATTAN
36,1,4.4,2020,8955.0,lr,MANHATTAN
37,2,4.1,2020,8181.0,lr,MANHATTAN
38,3,3.7,2020,8888.0,lr,MANHATTAN
39,4,3.3,2020,9950.0,lr,MANHATTAN
40,5,3.8,2020,9950.0,lr,MANHATTAN
41,6,3.8,2020,9950.0,lr,MANHATTAN
42,7,3.9,2020,10277.0,lr,MANHATTAN
43,8,3.8,2020,10251.0,lr,MANHATTAN
44,9,3.4,2020,9597.0,lr,MANHATTAN
45,10,3.5,2020,8755.0,lr,MANHATTAN
46,11,3.3,2020,8755.0,lr,MANHATTAN
47,12,3.6,2020,8011.0,lr,MANHATTAN
48,1,4.4,2021,8955.0,lr,MANHATTAN
49,2,4.1,2021,8181.0,lr,MANHATTAN
50,3,3.7,2021,8888.0,lr,MANHATTAN
51,4,3.3,2021,9950.0,lr,MANHATTAN
52,5,3.8,2021,9950.0,lr,MANHATTAN
53,6,3.8,2021,9950.0,lr,MANHATTAN
54,7,3.9,2021,10277.0,lr,MANHATTAN
55,8,3.8,2021,10251.0,lr,MANHATTAN
56,9,3.4,2021,9597.0,lr,MANHATTAN
57,10,3.5,2021,8755.0,lr,MANHATTAN
58,11,3.3,2021,8755.0,lr,MANHATTAN
59,12,3.6,2021,8011.0,lr,MANHATTAN
60,1,4.4,2022,8955.0,lr,MANHATTAN
61,2,4.1,2022,8181.0,lr,MANHATTAN
62,3,3.7,2022,8888.0,lr,MANHATTAN
63,4,3.3,2022,9950.0,lr,MANHATTAN
64,5,3.8,2022,9950.0,lr,MANHATTAN
65,6,3.8,2022,9950.0,lr,MANHATTAN
66,7,3.9,2022,10277.0,lr,MANHATTAN
67,8,3.8,2022,10251.0,lr,MANHATTAN
68,9,3.4,2022,9597.0,lr,MANHATTAN
69,10,3.5,2022,8755.0,lr,MANHATTAN
70,11,3.3,2022,8755.0,lr,MANHATTAN
71,12,3.6,2022,8011.0,lr,MANHATTAN
0,1,4.5,2017,8955.0,rf,MANHATTAN
1,2,4.4,2017,8088.0,rf,MANHATTAN
2,3,4.0,2017,9341.0,rf,MANHATTAN
3,4,3.8,2017,9019.0,rf,MANHATTAN
4,5,3.9,2017,10391.0,rf,MANHATTAN
5,6,4.1,2017,10058.0,rf,MANHATTAN
6,7,4.4,2017,10277.0,rf,MANHATTAN
7,8,4.5,2017,10235.0,rf,MANHATTAN
8,9,4.1,2017,9876.0,rf,MANHATTAN
9,10,3.9,2017,10018.0,rf,MANHATTAN
10,11,3.7,2017,8827.0,rf,MANHATTAN
11,12,3.6,2017,8011.0,rf,MANHATTAN
12,1,4.1,2018,8181.0,rf,MANHATTAN
13,2,4.1,2018,7527.0,rf,MANHATTAN
14,3,3.9,2018,8888.0,rf,MANHATTAN
15,4,3.5,2018,9417.0,rf,MANHATTAN
16,5,3.3,2018,9950.0,rf,MANHATTAN
17,6,3.8,2018,9583.0,rf,MANHATTAN
18,7,3.8,2018,10308.0,rf,MANHATTAN
19,8,3.8,2018,10251.0,rf,MANHATTAN
20,9,3.4,2018,9597.0,rf,MANHATTAN
21,10,3.5,2018,9619.0,rf,MANHATTAN
22,11,3.3,2018,8755.0,rf,MANHATTAN
23,12,3.6,2018,8504.0,rf,MANHATTAN
24,1,4.4,2019,8338.0,rf,MANHATTAN
25,2,4.1,2019,7705.0,rf,MANHATTAN
26,3,3.7,2019,8962.0,rf,MANHATTAN
27,4,3.3,2019,9194.0,rf,MANHATTAN
28,5,3.8,2019,9834.0,rf,MANHATTAN
29,6,3.8,2019,9848.0,rf,MANHATTAN
30,7,3.9,2019,10171.0,rf,MANHATTAN
31,8,3.8,2019,10257.0,rf,MANHATTAN
32,9,3.4,2019,9490.0,rf,MANHATTAN
33,10,3.5,2019,9501.0,rf,MANHATTAN
34,11,3.3,2019,8838.0,rf,MANHATTAN
35,12,3.6,2019,8322.0,rf,MANHATTAN
36,1,4.4,2020,8338.0,rf,MANHATTAN
37,2,4.1,2020,7705.0,rf,MANHATTAN
38,3,3.7,2020,8962.0,rf,MANHATTAN
39,4,3.3,2020,9194.0,rf,MANHATTAN
40,5,3.8,2020,9834.0,rf,MANHATTAN
41,6,3.8,2020,9848.0,rf,MANHATTAN
42,7,3.9,2020,10171.0,rf,MANHATTAN
43,8,3.8,2020,10257.0,rf,MANHATTAN
44,9,3.4,2020,9490.0,rf,MANHATTAN
45,10,3.5,2020,9501.0,rf,MANHATTAN
46,11,3.3,2020,8838.0,rf,MANHATTAN
47,12,3.6,2020,8322.0,rf,MANHATTAN
48,1,4.4,2021,8338.0,rf,MANHATTAN
49,2,4.1,2021,7705.0,rf,MANHATTAN
50,3,3.7,2021,8962.0,rf,MANHATTAN
51,4,3.3,2021,9194.0,rf,MANHATTAN
52,5,3.8,2021,9834.0,rf,MANHATTAN
53,6,3.8,2021,9848.0,rf,MANHATTAN
54,7,3.9,2021,10171.0,rf,MANHATTAN
55,8,3.8,2021,10257.0,rf,MANHATTAN
56,9,3.4,2021,9490.0,rf,MANHATTAN
57,10,3.5,2021,9501.0,rf,MANHATTAN
58,11,3.3,2021,8838.0,rf,MANHATTAN
59,12,3.6,2021,8322.0,rf,MANHATTAN
60,1,4.4,2022,8338.0,rf,MANHATTAN
61,2,4.1,2022,7705.0,rf,MANHATTAN
62,3,3.7,2022,8962.0,rf,MANHATTAN
63,4,3.3,2022,9194.0,rf,MANHATTAN
64,5,3.8,2022,9834.0,rf,MANHATTAN
65,6,3.8,2022,9848.0,rf,MANHATTAN
66,7,3.9,2022,10171.0,rf,MANHATTAN
67,8,3.8,2022,10257.0,rf,MANHATTAN
68,9,3.4,2022,9490.0,rf,MANHATTAN
69,10,3.5,2022,9501.0,rf,MANHATTAN
70,11,3.3,2022,8838.0,rf,MANHATTAN
71,12,3.6,2022,8322.0,rf,MANHATTAN
0,1,4.5,2017,8276.0,clfpoly2,QUEENS
1,2,4.4,2017,7185.0,clfpoly2,QUEENS
2,3,3.9,2017,8306.0,clfpoly2,QUEENS
3,4,3.7,2017,8008.0,clfpoly2,QUEENS
4,5,3.8,2017,9129.0,clfpoly2,QUEENS
5,6,4.0,2017,8713.0,clfpoly2,QUEENS
6,7,4.4,2017,9009.0,clfpoly2,QUEENS
7,8,4.5,2017,9022.0,clfpoly2,QUEENS
8,9,4.0,2017,8576.0,clfpoly2,QUEENS
9,10,3.9,2017,8858.0,clfpoly2,QUEENS
10,11,3.6,2017,7586.0,clfpoly2,QUEENS
11,12,3.5,2017,7420.0,clfpoly2,QUEENS
12,1,4.1,2018,6999.0,clfpoly2,QUEENS
13,2,4.1,2018,6387.0,clfpoly2,QUEENS
14,3,3.8,2018,7468.0,clfpoly2,QUEENS
15,4,3.4,2018,7784.0,clfpoly2,QUEENS
16,5,3.1,2018,8292.0,clfpoly2,QUEENS
17,6,3.7,2018,8186.0,clfpoly2,QUEENS
18,7,3.8,2018,8754.0,clfpoly2,QUEENS
19,8,3.7,2018,8627.0,clfpoly2,QUEENS
20,9,3.3,2018,7987.0,clfpoly2,QUEENS
21,10,3.5,2018,8079.0,clfpoly2,QUEENS
22,11,3.3,2018,7377.0,clfpoly2,QUEENS
23,12,3.5,2018,7043.0,clfpoly2,QUEENS
24,1,4.3,2019,6309.0,clfpoly2,QUEENS
25,2,4.0,2019,6713.0,clfpoly2,QUEENS
26,3,3.7,2019,7057.0,clfpoly2,QUEENS
27,4,3.2,2019,7289.0,clfpoly2,QUEENS
28,5,3.7,2019,7705.0,clfpoly2,QUEENS
29,6,3.7,2019,7865.0,clfpoly2,QUEENS
30,7,3.9,2019,7966.0,clfpoly2,QUEENS
31,8,3.8,2019,7877.0,clfpoly2,QUEENS
32,9,3.3,2019,7657.0,clfpoly2,QUEENS
33,10,3.5,2019,7401.0,clfpoly2,QUEENS
34,11,3.3,2019,7030.0,clfpoly2,QUEENS
35,12,3.5,2019,6538.0,clfpoly2,QUEENS
36,1,4.3,2020,5828.0,clfpoly2,QUEENS
37,2,4.0,2020,6232.0,clfpoly2,QUEENS
38,3,3.7,2020,6576.0,clfpoly2,QUEENS
39,4,3.2,2020,6809.0,clfpoly2,QUEENS
40,5,3.7,2020,7226.0,clfpoly2,QUEENS
41,6,3.7,2020,7386.0,clfpoly2,QUEENS
42,7,3.9,2020,7487.0,clfpoly2,QUEENS
43,8,3.8,2020,7399.0,clfpoly2,QUEENS
44,9,3.3,2020,7180.0,clfpoly2,QUEENS
45,10,3.5,2020,6924.0,clfpoly2,QUEENS
46,11,3.3,2020,6553.0,clfpoly2,QUEENS
47,12,3.5,2020,6062.0,clfpoly2,QUEENS
48,1,4.3,2021,5346.0,clfpoly2,QUEENS
49,2,4.0,2021,5751.0,clfpoly2,QUEENS
50,3,3.7,2021,6096.0,clfpoly2,QUEENS
51,4,3.2,2021,6329.0,clfpoly2,QUEENS
52,5,3.7,2021,6746.0,clfpoly2,QUEENS
53,6,3.7,2021,6907.0,clfpoly2,QUEENS
54,7,3.9,2021,7009.0,clfpoly2,QUEENS
55,8,3.8,2021,6921.0,clfpoly2,QUEENS
56,9,3.3,2021,6702.0,clfpoly2,QUEENS
57,10,3.5,2021,6447.0,clfpoly2,QUEENS
58,11,3.3,2021,6077.0,clfpoly2,QUEENS
59,12,3.5,2021,5585.0,clfpoly2,QUEENS
60,1,4.3,2022,4864.0,clfpoly2,QUEENS
61,2,4.0,2022,5270.0,clfpoly2,QUEENS
62,3,3.7,2022,5615.0,clfpoly2,QUEENS
63,4,3.2,2022,5849.0,clfpoly2,QUEENS
64,5,3.7,2022,6266.0,clfpoly2,QUEENS
65,6,3.7,2022,6428.0,clfpoly2,QUEENS
66,7,3.9,2022,6530.0,clfpoly2,QUEENS
67,8,3.8,2022,6443.0,clfpoly2,QUEENS
68,9,3.3,2022,6224.0,clfpoly2,QUEENS
69,10,3.5,2022,5969.0,clfpoly2,QUEENS
70,11,3.3,2022,5600.0,clfpoly2,QUEENS
71,12,3.5,2022,5109.0,clfpoly2,QUEENS
0,1,4.5,2017,8276.0,clfpoly3,QUEENS
1,2,4.4,2017,7185.0,clfpoly3,QUEENS
2,3,3.9,2017,8306.0,clfpoly3,QUEENS
3,4,3.7,2017,8008.0,clfpoly3,QUEENS
4,5,3.8,2017,9129.0,clfpoly3,QUEENS
5,6,4.0,2017,8713.0,clfpoly3,QUEENS
6,7,4.4,2017,9009.0,clfpoly3,QUEENS
7,8,4.5,2017,9022.0,clfpoly3,QUEENS
8,9,4.0,2017,8576.0,clfpoly3,QUEENS
9,10,3.9,2017,8858.0,clfpoly3,QUEENS
10,11,3.6,2017,7586.0,clfpoly3,QUEENS
11,12,3.5,2017,7420.0,clfpoly3,QUEENS
12,1,4.1,2018,6999.0,clfpoly3,QUEENS
13,2,4.1,2018,6387.0,clfpoly3,QUEENS
14,3,3.8,2018,7468.0,clfpoly3,QUEENS
15,4,3.4,2018,7784.0,clfpoly3,QUEENS
16,5,3.1,2018,8292.0,clfpoly3,QUEENS
17,6,3.7,2018,8186.0,clfpoly3,QUEENS
18,7,3.8,2018,8754.0,clfpoly3,QUEENS
19,8,3.7,2018,8627.0,clfpoly3,QUEENS
20,9,3.3,2018,7987.0,clfpoly3,QUEENS
21,10,3.5,2018,8079.0,clfpoly3,QUEENS
22,11,3.3,2018,7377.0,clfpoly3,QUEENS
23,12,3.5,2018,7043.0,clfpoly3,QUEENS
24,1,4.3,2019,5631.0,clfpoly3,QUEENS
25,2,4.0,2019,5969.0,clfpoly3,QUEENS
26,3,3.7,2019,6499.0,clfpoly3,QUEENS
27,4,3.2,2019,7222.0,clfpoly3,QUEENS
28,5,3.7,2019,7268.0,clfpoly3,QUEENS
29,6,3.7,2019,7633.0,clfpoly3,QUEENS
30,7,3.9,2019,7945.0,clfpoly3,QUEENS
31,8,3.8,2019,8200.0,clfpoly3,QUEENS
32,9,3.3,2019,7925.0,clfpoly3,QUEENS
33,10,3.5,2019,7990.0,clfpoly3,QUEENS
34,11,3.3,2019,7279.0,clfpoly3,QUEENS
35,12,3.5,2019,7141.0,clfpoly3,QUEENS
36,1,4.3,2020,4540.0,clfpoly3,QUEENS
37,2,4.0,2020,4980.0,clfpoly3,QUEENS
38,3,3.7,2020,5613.0,clfpoly3,QUEENS
39,4,3.2,2020,6438.0,clfpoly3,QUEENS
40,5,3.7,2020,6591.0,clfpoly3,QUEENS
41,6,3.7,2020,7060.0,clfpoly3,QUEENS
42,7,3.9,2020,7478.0,clfpoly3,QUEENS
43,8,3.8,2020,7837.0,clfpoly3,QUEENS
44,9,3.3,2020,7662.0,clfpoly3,QUEENS
45,10,3.5,2020,7832.0,clfpoly3,QUEENS
46,11,3.3,2020,7223.0,clfpoly3,QUEENS
47,12,3.5,2020,7192.0,clfpoly3,QUEENS
48,1,4.3,2021,3448.0,clfpoly3,QUEENS
49,2,4.0,2021,3991.0,clfpoly3,QUEENS
50,3,3.7,2021,4727.0,clfpoly3,QUEENS
51,4,3.2,2021,5652.0,clfpoly3,QUEENS
52,5,3.7,2021,5914.0,clfpoly3,QUEENS
53,6,3.7,2021,6487.0,clfpoly3,QUEENS
54,7,3.9,2021,7011.0,clfpoly3,QUEENS
55,8,3.8,2021,7473.0,clfpoly3,QUEENS
56,9,3.3,2021,7398.0,clfpoly3,QUEENS
57,10,3.5,2021,7674.0,clfpoly3,QUEENS
58,11,3.3,2021,7168.0,clfpoly3,QUEENS
59,12,3.5,2021,7242.0,clfpoly3,QUEENS
60,1,4.3,2022,2355.0,clfpoly3,QUEENS
61,2,4.0,2022,3001.0,clfpoly3,QUEENS
62,3,3.7,2022,3840.0,clfpoly3,QUEENS
63,4,3.2,2022,4866.0,clfpoly3,QUEENS
64,5,3.7,2022,5235.0,clfpoly3,QUEENS
65,6,3.7,2022,5913.0,clfpoly3,QUEENS
66,7,3.9,2022,6543.0,clfpoly3,QUEENS
67,8,3.8,2022,7109.0,clfpoly3,QUEENS
68,9,3.3,2022,7134.0,clfpoly3,QUEENS
69,10,3.5,2022,7516.0,clfpoly3,QUEENS
70,11,3.3,2022,7112.0,clfpoly3,QUEENS
71,12,3.5,2022,7292.0,clfpoly3,QUEENS
0,1,4.5,2017,8276.0,dtc,QUEENS
1,2,4.4,2017,7185.0,dtc,QUEENS
2,3,3.9,2017,8306.0,dtc,QUEENS
3,4,3.7,2017,8008.0,dtc,QUEENS
4,5,3.8,2017,9129.0,dtc,QUEENS
5,6,4.0,2017,8713.0,dtc,QUEENS
6,7,4.4,2017,9009.0,dtc,QUEENS
7,8,4.5,2017,9022.0,dtc,QUEENS
8,9,4.0,2017,8576.0,dtc,QUEENS
9,10,3.9,2017,8858.0,dtc,QUEENS
10,11,3.6,2017,7586.0,dtc,QUEENS
11,12,3.5,2017,7420.0,dtc,QUEENS
12,1,4.1,2018,6999.0,dtc,QUEENS
13,2,4.1,2018,6387.0,dtc,QUEENS
14,3,3.8,2018,7468.0,dtc,QUEENS
15,4,3.4,2018,7784.0,dtc,QUEENS
16,5,3.1,2018,8292.0,dtc,QUEENS
17,6,3.7,2018,8186.0,dtc,QUEENS
18,7,3.8,2018,8754.0,dtc,QUEENS
19,8,3.7,2018,8627.0,dtc,QUEENS
20,9,3.3,2018,7987.0,dtc,QUEENS
21,10,3.5,2018,8079.0,dtc,QUEENS
22,11,3.3,2018,7377.0,dtc,QUEENS
23,12,3.5,2018,7043.0,dtc,QUEENS
24,1,4.3,2019,6999.0,dtc,QUEENS
25,2,4.0,2019,6387.0,dtc,QUEENS
26,3,3.7,2019,7626.0,dtc,QUEENS
27,4,3.2,2019,7626.0,dtc,QUEENS
28,5,3.7,2019,8234.0,dtc,QUEENS
29,6,3.7,2019,8234.0,dtc,QUEENS
30,7,3.9,2019,8866.0,dtc,QUEENS
31,8,3.8,2019,8866.0,dtc,QUEENS
32,9,3.3,2019,8234.0,dtc,QUEENS
33,10,3.5,2019,8234.0,dtc,QUEENS
34,11,3.3,2019,7377.0,dtc,QUEENS
35,12,3.5,2019,7043.0,dtc,QUEENS
36,1,4.3,2020,6999.0,dtc,QUEENS
37,2,4.0,2020,6387.0,dtc,QUEENS
38,3,3.7,2020,7626.0,dtc,QUEENS
39,4,3.2,2020,7626.0,dtc,QUEENS
40,5,3.7,2020,8234.0,dtc,QUEENS
41,6,3.7,2020,8234.0,dtc,QUEENS
42,7,3.9,2020,8866.0,dtc,QUEENS
43,8,3.8,2020,8866.0,dtc,QUEENS
44,9,3.3,2020,8234.0,dtc,QUEENS
45,10,3.5,2020,8234.0,dtc,QUEENS
46,11,3.3,2020,7377.0,dtc,QUEENS
47,12,3.5,2020,7043.0,dtc,QUEENS
48,1,4.3,2021,6999.0,dtc,QUEENS
49,2,4.0,2021,6387.0,dtc,QUEENS
50,3,3.7,2021,7626.0,dtc,QUEENS
51,4,3.2,2021,7626.0,dtc,QUEENS
52,5,3.7,2021,8234.0,dtc,QUEENS
53,6,3.7,2021,8234.0,dtc,QUEENS
54,7,3.9,2021,8866.0,dtc,QUEENS
55,8,3.8,2021,8866.0,dtc,QUEENS
56,9,3.3,2021,8234.0,dtc,QUEENS
57,10,3.5,2021,8234.0,dtc,QUEENS
58,11,3.3,2021,7377.0,dtc,QUEENS
59,12,3.5,2021,7043.0,dtc,QUEENS
60,1,4.3,2022,6999.0,dtc,QUEENS
61,2,4.0,2022,6387.0,dtc,QUEENS
62,3,3.7,2022,7626.0,dtc,QUEENS
63,4,3.2,2022,7626.0,dtc,QUEENS
64,5,3.7,2022,8234.0,dtc,QUEENS
65,6,3.7,2022,8234.0,dtc,QUEENS
66,7,3.9,2022,8866.0,dtc,QUEENS
67,8,3.8,2022,8866.0,dtc,QUEENS
68,9,3.3,2022,8234.0,dtc,QUEENS
69,10,3.5,2022,8234.0,dtc,QUEENS
70,11,3.3,2022,7377.0,dtc,QUEENS
71,12,3.5,2022,7043.0,dtc,QUEENS
0,1,4.5,2017,8276.0,knn,QUEENS
1,2,4.4,2017,7185.0,knn,QUEENS
2,3,3.9,2017,8306.0,knn,QUEENS
3,4,3.7,2017,8008.0,knn,QUEENS
4,5,3.8,2017,9129.0,knn,QUEENS
5,6,4.0,2017,8713.0,knn,QUEENS
6,7,4.4,2017,9009.0,knn,QUEENS
7,8,4.5,2017,9022.0,knn,QUEENS
8,9,4.0,2017,8576.0,knn,QUEENS
9,10,3.9,2017,8858.0,knn,QUEENS
10,11,3.6,2017,7586.0,knn,QUEENS
11,12,3.5,2017,7420.0,knn,QUEENS
12,1,4.1,2018,6999.0,knn,QUEENS
13,2,4.1,2018,6387.0,knn,QUEENS
14,3,3.8,2018,7468.0,knn,QUEENS
15,4,3.4,2018,7784.0,knn,QUEENS
16,5,3.1,2018,8292.0,knn,QUEENS
17,6,3.7,2018,8186.0,knn,QUEENS
18,7,3.8,2018,8754.0,knn,QUEENS
19,8,3.7,2018,8627.0,knn,QUEENS
20,9,3.3,2018,7987.0,knn,QUEENS
21,10,3.5,2018,8079.0,knn,QUEENS
22,11,3.3,2018,7377.0,knn,QUEENS
23,12,3.5,2018,7043.0,knn,QUEENS
24,1,4.3,2019,7783.0,knn,QUEENS
25,2,4.0,2019,7783.0,knn,QUEENS
26,3,3.7,2019,7783.0,knn,QUEENS
27,4,3.2,2019,7946.0,knn,QUEENS
28,5,3.7,2019,8365.0,knn,QUEENS
29,6,3.7,2019,8552.0,knn,QUEENS
30,7,3.9,2019,8630.0,knn,QUEENS
31,8,3.8,2019,8581.0,knn,QUEENS
32,9,3.3,2019,8388.0,knn,QUEENS
33,10,3.5,2019,8058.0,knn,QUEENS
34,11,3.3,2019,8058.0,knn,QUEENS
35,12,3.5,2019,8058.0,knn,QUEENS
36,1,4.3,2020,7783.0,knn,QUEENS
37,2,4.0,2020,7783.0,knn,QUEENS
38,3,3.7,2020,7774.0,knn,QUEENS
39,4,3.2,2020,8103.0,knn,QUEENS
40,5,3.7,2020,8327.0,knn,QUEENS
41,6,3.7,2020,8397.0,knn,QUEENS
42,7,3.9,2020,8630.0,knn,QUEENS
43,8,3.8,2020,8581.0,knn,QUEENS
44,9,3.3,2020,8191.0,knn,QUEENS
45,10,3.5,2020,8031.0,knn,QUEENS
46,11,3.3,2020,8058.0,knn,QUEENS
47,12,3.5,2020,8058.0,knn,QUEENS
48,1,4.3,2021,7783.0,knn,QUEENS
49,2,4.0,2021,7783.0,knn,QUEENS
50,3,3.7,2021,7774.0,knn,QUEENS
51,4,3.2,2021,7931.0,knn,QUEENS
52,5,3.7,2021,8135.0,knn,QUEENS
53,6,3.7,2021,8395.0,knn,QUEENS
54,7,3.9,2021,8445.0,knn,QUEENS
55,8,3.8,2021,8391.0,knn,QUEENS
56,9,3.3,2021,8251.0,knn,QUEENS
57,10,3.5,2021,8031.0,knn,QUEENS
58,11,3.3,2021,8031.0,knn,QUEENS
59,12,3.5,2021,8058.0,knn,QUEENS
60,1,4.3,2022,7783.0,knn,QUEENS
61,2,4.0,2022,7689.0,knn,QUEENS
62,3,3.7,2022,7774.0,knn,QUEENS
63,4,3.2,2022,7931.0,knn,QUEENS
64,5,3.7,2022,8135.0,knn,QUEENS
65,6,3.7,2022,8395.0,knn,QUEENS
66,7,3.9,2022,8445.0,knn,QUEENS
67,8,3.8,2022,8391.0,knn,QUEENS
68,9,3.3,2022,8251.0,knn,QUEENS
69,10,3.5,2022,8031.0,knn,QUEENS
70,11,3.3,2022,8031.0,knn,QUEENS
71,12,3.5,2022,8031.0,knn,QUEENS
0,1,4.5,2017,8276.0,lr,QUEENS
1,2,4.4,2017,7185.0,lr,QUEENS
2,3,3.9,2017,8306.0,lr,QUEENS
3,4,3.7,2017,8008.0,lr,QUEENS
4,5,3.8,2017,9129.0,lr,QUEENS
5,6,4.0,2017,8713.0,lr,QUEENS
6,7,4.4,2017,9009.0,lr,QUEENS
7,8,4.5,2017,9022.0,lr,QUEENS
8,9,4.0,2017,8576.0,lr,QUEENS
9,10,3.9,2017,8858.0,lr,QUEENS
10,11,3.6,2017,7586.0,lr,QUEENS
11,12,3.5,2017,7420.0,lr,QUEENS
12,1,4.1,2018,6999.0,lr,QUEENS
13,2,4.1,2018,6387.0,lr,QUEENS
14,3,3.8,2018,7468.0,lr,QUEENS
15,4,3.4,2018,7784.0,lr,QUEENS
16,5,3.1,2018,8292.0,lr,QUEENS
17,6,3.7,2018,8186.0,lr,QUEENS
18,7,3.8,2018,8754.0,lr,QUEENS
19,8,3.7,2018,8627.0,lr,QUEENS
20,9,3.3,2018,7987.0,lr,QUEENS
21,10,3.5,2018,8079.0,lr,QUEENS
22,11,3.3,2018,7377.0,lr,QUEENS
23,12,3.5,2018,7043.0,lr,QUEENS
24,1,4.3,2019,8276.0,lr,QUEENS
25,2,4.0,2019,6999.0,lr,QUEENS
26,3,3.7,2019,7468.0,lr,QUEENS
27,4,3.2,2019,8292.0,lr,QUEENS
28,5,3.7,2019,8292.0,lr,QUEENS
29,6,3.7,2019,8292.0,lr,QUEENS
30,7,3.9,2019,9009.0,lr,QUEENS
31,8,3.8,2019,9022.0,lr,QUEENS
32,9,3.3,2019,7987.0,lr,QUEENS
33,10,3.5,2019,7377.0,lr,QUEENS
34,11,3.3,2019,7043.0,lr,QUEENS
35,12,3.5,2019,7420.0,lr,QUEENS
36,1,4.3,2020,8276.0,lr,QUEENS
37,2,4.0,2020,6999.0,lr,QUEENS
38,3,3.7,2020,7468.0,lr,QUEENS
39,4,3.2,2020,8292.0,lr,QUEENS
40,5,3.7,2020,8292.0,lr,QUEENS
41,6,3.7,2020,8292.0,lr,QUEENS
42,7,3.9,2020,9009.0,lr,QUEENS
43,8,3.8,2020,9022.0,lr,QUEENS
44,9,3.3,2020,7987.0,lr,QUEENS
45,10,3.5,2020,7377.0,lr,QUEENS
46,11,3.3,2020,7043.0,lr,QUEENS
47,12,3.5,2020,7420.0,lr,QUEENS
48,1,4.3,2021,8276.0,lr,QUEENS
49,2,4.0,2021,6999.0,lr,QUEENS
50,3,3.7,2021,7468.0,lr,QUEENS
51,4,3.2,2021,8292.0,lr,QUEENS
52,5,3.7,2021,8292.0,lr,QUEENS
53,6,3.7,2021,8292.0,lr,QUEENS
54,7,3.9,2021,9009.0,lr,QUEENS
55,8,3.8,2021,9022.0,lr,QUEENS
56,9,3.3,2021,7987.0,lr,QUEENS
57,10,3.5,2021,7377.0,lr,QUEENS
58,11,3.3,2021,7043.0,lr,QUEENS
59,12,3.5,2021,7420.0,lr,QUEENS
60,1,4.3,2022,8276.0,lr,QUEENS
61,2,4.0,2022,6999.0,lr,QUEENS
62,3,3.7,2022,7468.0,lr,QUEENS
63,4,3.2,2022,8292.0,lr,QUEENS
64,5,3.7,2022,8292.0,lr,QUEENS
65,6,3.7,2022,8292.0,lr,QUEENS
66,7,3.9,2022,9009.0,lr,QUEENS
67,8,3.8,2022,9022.0,lr,QUEENS
68,9,3.3,2022,7987.0,lr,QUEENS
69,10,3.5,2022,7377.0,lr,QUEENS
70,11,3.3,2022,7043.0,lr,QUEENS
71,12,3.5,2022,7420.0,lr,QUEENS
0,1,4.5,2017,8276.0,rf,QUEENS
1,2,4.4,2017,7185.0,rf,QUEENS
2,3,3.9,2017,8306.0,rf,QUEENS
3,4,3.7,2017,8008.0,rf,QUEENS
4,5,3.8,2017,9129.0,rf,QUEENS
5,6,4.0,2017,8713.0,rf,QUEENS
6,7,4.4,2017,9009.0,rf,QUEENS
7,8,4.5,2017,9022.0,rf,QUEENS
8,9,4.0,2017,8576.0,rf,QUEENS
9,10,3.9,2017,8858.0,rf,QUEENS
10,11,3.6,2017,7586.0,rf,QUEENS
11,12,3.5,2017,7420.0,rf,QUEENS
12,1,4.1,2018,6999.0,rf,QUEENS
13,2,4.1,2018,6387.0,rf,QUEENS
14,3,3.8,2018,7468.0,rf,QUEENS
15,4,3.4,2018,7784.0,rf,QUEENS
16,5,3.1,2018,8292.0,rf,QUEENS
17,6,3.7,2018,8186.0,rf,QUEENS
18,7,3.8,2018,8754.0,rf,QUEENS
19,8,3.7,2018,8627.0,rf,QUEENS
20,9,3.3,2018,7987.0,rf,QUEENS
21,10,3.5,2018,8079.0,rf,QUEENS
22,11,3.3,2018,7377.0,rf,QUEENS
23,12,3.5,2018,7043.0,rf,QUEENS
24,1,4.3,2019,7249.0,rf,QUEENS
25,2,4.0,2019,6822.0,rf,QUEENS
26,3,3.7,2019,7744.0,rf,QUEENS
27,4,3.2,2019,7866.0,rf,QUEENS
28,5,3.7,2019,8164.0,rf,QUEENS
29,6,3.7,2019,8176.0,rf,QUEENS
30,7,3.9,2019,8634.0,rf,QUEENS
31,8,3.8,2019,8545.0,rf,QUEENS
32,9,3.3,2019,8020.0,rf,QUEENS
33,10,3.5,2019,7857.0,rf,QUEENS
34,11,3.3,2019,7479.0,rf,QUEENS
35,12,3.5,2019,7258.0,rf,QUEENS
36,1,4.3,2020,7249.0,rf,QUEENS
37,2,4.0,2020,6822.0,rf,QUEENS
38,3,3.7,2020,7744.0,rf,QUEENS
39,4,3.2,2020,7866.0,rf,QUEENS
40,5,3.7,2020,8164.0,rf,QUEENS
41,6,3.7,2020,8176.0,rf,QUEENS
42,7,3.9,2020,8634.0,rf,QUEENS
43,8,3.8,2020,8545.0,rf,QUEENS
44,9,3.3,2020,8020.0,rf,QUEENS
45,10,3.5,2020,7857.0,rf,QUEENS
46,11,3.3,2020,7479.0,rf,QUEENS
47,12,3.5,2020,7258.0,rf,QUEENS
48,1,4.3,2021,7249.0,rf,QUEENS
49,2,4.0,2021,6822.0,rf,QUEENS
50,3,3.7,2021,7744.0,rf,QUEENS
51,4,3.2,2021,7866.0,rf,QUEENS
52,5,3.7,2021,8164.0,rf,QUEENS
53,6,3.7,2021,8176.0,rf,QUEENS
54,7,3.9,2021,8634.0,rf,QUEENS
55,8,3.8,2021,8545.0,rf,QUEENS
56,9,3.3,2021,8020.0,rf,QUEENS
57,10,3.5,2021,7857.0,rf,QUEENS
58,11,3.3,2021,7479.0,rf,QUEENS
59,12,3.5,2021,7258.0,rf,QUEENS
60,1,4.3,2022,7249.0,rf,QUEENS
61,2,4.0,2022,6822.0,rf,QUEENS
62,3,3.7,2022,7744.0,rf,QUEENS
63,4,3.2,2022,7866.0,rf,QUEENS
64,5,3.7,2022,8164.0,rf,QUEENS
65,6,3.7,2022,8176.0,rf,QUEENS
66,7,3.9,2022,8634.0,rf,QUEENS
67,8,3.8,2022,8545.0,rf,QUEENS
68,9,3.3,2022,8020.0,rf,QUEENS
69,10,3.5,2022,7857.0,rf,QUEENS
70,11,3.3,2022,7479.0,rf,QUEENS
71,12,3.5,2022,7258.0,rf,QUEENS
0,1,5.1,2017,1811.0,clfpoly2,STATEN ISLAND
1,2,5.1,2017,1518.0,clfpoly2,STATEN ISLAND
2,3,4.5,2017,1907.0,clfpoly2,STATEN ISLAND
3,4,4.3,2017,1934.0,clfpoly2,STATEN ISLAND
4,5,4.4,2017,2099.0,clfpoly2,STATEN ISLAND
5,6,4.7,2017,2113.0,clfpoly2,STATEN ISLAND
6,7,5.4,2017,1971.0,clfpoly2,STATEN ISLAND
7,8,5.4,2017,2066.0,clfpoly2,STATEN ISLAND
8,9,4.6,2017,2023.0,clfpoly2,STATEN ISLAND
9,10,4.4,2017,1925.0,clfpoly2,STATEN ISLAND
10,11,4.1,2017,1775.0,clfpoly2,STATEN ISLAND
11,12,4.0,2017,1569.0,clfpoly2,STATEN ISLAND
12,1,4.6,2018,1531.0,clfpoly2,STATEN ISLAND
13,2,4.6,2018,1364.0,clfpoly2,STATEN ISLAND
14,3,4.3,2018,1910.0,clfpoly2,STATEN ISLAND
15,4,3.9,2018,1773.0,clfpoly2,STATEN ISLAND
16,5,3.6,2018,2010.0,clfpoly2,STATEN ISLAND
17,6,4.2,2018,1935.0,clfpoly2,STATEN ISLAND
18,7,4.6,2018,2008.0,clfpoly2,STATEN ISLAND
19,8,4.5,2018,1998.0,clfpoly2,STATEN ISLAND
20,9,3.9,2018,1884.0,clfpoly2,STATEN ISLAND
21,10,3.9,2018,1950.0,clfpoly2,STATEN ISLAND
22,11,3.7,2018,1674.0,clfpoly2,STATEN ISLAND
23,12,3.9,2018,1677.0,clfpoly2,STATEN ISLAND
24,1,4.8,2019,1376.0,clfpoly2,STATEN ISLAND
25,2,4.5,2019,1540.0,clfpoly2,STATEN ISLAND
26,3,4.1,2019,1675.0,clfpoly2,STATEN ISLAND
27,4,3.6,2019,1778.0,clfpoly2,STATEN ISLAND
28,5,4.1,2019,1848.0,clfpoly2,STATEN ISLAND
29,6,4.1,2019,1888.0,clfpoly2,STATEN ISLAND
30,7,4.6,2019,1884.0,clfpoly2,STATEN ISLAND
31,8,4.4,2019,1867.0,clfpoly2,STATEN ISLAND
32,9,3.9,2019,1828.0,clfpoly2,STATEN ISLAND
33,10,3.9,2019,1745.0,clfpoly2,STATEN ISLAND
34,11,3.7,2019,1638.0,clfpoly2,STATEN ISLAND
35,12,3.9,2019,1486.0,clfpoly2,STATEN ISLAND
36,1,4.8,2020,1279.0,clfpoly2,STATEN ISLAND
37,2,4.5,2020,1443.0,clfpoly2,STATEN ISLAND
38,3,4.1,2020,1577.0,clfpoly2,STATEN ISLAND
39,4,3.6,2020,1681.0,clfpoly2,STATEN ISLAND
40,5,4.1,2020,1751.0,clfpoly2,STATEN ISLAND
41,6,4.1,2020,1791.0,clfpoly2,STATEN ISLAND
42,7,4.6,2020,1788.0,clfpoly2,STATEN ISLAND
43,8,4.4,2020,1770.0,clfpoly2,STATEN ISLAND
44,9,3.9,2020,1731.0,clfpoly2,STATEN ISLAND
45,10,3.9,2020,1649.0,clfpoly2,STATEN ISLAND
46,11,3.7,2020,1541.0,clfpoly2,STATEN ISLAND
47,12,3.9,2020,1390.0,clfpoly2,STATEN ISLAND
48,1,4.8,2021,1181.0,clfpoly2,STATEN ISLAND
49,2,4.5,2021,1346.0,clfpoly2,STATEN ISLAND
50,3,4.1,2021,1480.0,clfpoly2,STATEN ISLAND
51,4,3.6,2021,1584.0,clfpoly2,STATEN ISLAND
52,5,4.1,2021,1654.0,clfpoly2,STATEN ISLAND
53,6,4.1,2021,1694.0,clfpoly2,STATEN ISLAND
54,7,4.6,2021,1691.0,clfpoly2,STATEN ISLAND
55,8,4.4,2021,1673.0,clfpoly2,STATEN ISLAND
56,9,3.9,2021,1635.0,clfpoly2,STATEN ISLAND
57,10,3.9,2021,1552.0,clfpoly2,STATEN ISLAND
58,11,3.7,2021,1445.0,clfpoly2,STATEN ISLAND
59,12,3.9,2021,1293.0,clfpoly2,STATEN ISLAND
60,1,4.8,2022,1084.0,clfpoly2,STATEN ISLAND
61,2,4.5,2022,1248.0,clfpoly2,STATEN ISLAND
62,3,4.1,2022,1383.0,clfpoly2,STATEN ISLAND
63,4,3.6,2022,1487.0,clfpoly2,STATEN ISLAND
64,5,4.1,2022,1557.0,clfpoly2,STATEN ISLAND
65,6,4.1,2022,1597.0,clfpoly2,STATEN ISLAND
66,7,4.6,2022,1594.0,clfpoly2,STATEN ISLAND
67,8,4.4,2022,1577.0,clfpoly2,STATEN ISLAND
68,9,3.9,2022,1538.0,clfpoly2,STATEN ISLAND
69,10,3.9,2022,1455.0,clfpoly2,STATEN ISLAND
70,11,3.7,2022,1348.0,clfpoly2,STATEN ISLAND
71,12,3.9,2022,1197.0,clfpoly2,STATEN ISLAND
0,1,5.1,2017,1811.0,clfpoly3,STATEN ISLAND
1,2,5.1,2017,1518.0,clfpoly3,STATEN ISLAND
2,3,4.5,2017,1907.0,clfpoly3,STATEN ISLAND
3,4,4.3,2017,1934.0,clfpoly3,STATEN ISLAND
4,5,4.4,2017,2099.0,clfpoly3,STATEN ISLAND
5,6,4.7,2017,2113.0,clfpoly3,STATEN ISLAND
6,7,5.4,2017,1971.0,clfpoly3,STATEN ISLAND
7,8,5.4,2017,2066.0,clfpoly3,STATEN ISLAND
8,9,4.6,2017,2023.0,clfpoly3,STATEN ISLAND
9,10,4.4,2017,1925.0,clfpoly3,STATEN ISLAND
10,11,4.1,2017,1775.0,clfpoly3,STATEN ISLAND
11,12,4.0,2017,1569.0,clfpoly3,STATEN ISLAND
12,1,4.6,2018,1531.0,clfpoly3,STATEN ISLAND
13,2,4.6,2018,1364.0,clfpoly3,STATEN ISLAND
14,3,4.3,2018,1910.0,clfpoly3,STATEN ISLAND
15,4,3.9,2018,1773.0,clfpoly3,STATEN ISLAND
16,5,3.6,2018,2010.0,clfpoly3,STATEN ISLAND
17,6,4.2,2018,1935.0,clfpoly3,STATEN ISLAND
18,7,4.6,2018,2008.0,clfpoly3,STATEN ISLAND
19,8,4.5,2018,1998.0,clfpoly3,STATEN ISLAND
20,9,3.9,2018,1884.0,clfpoly3,STATEN ISLAND
21,10,3.9,2018,1950.0,clfpoly3,STATEN ISLAND
22,11,3.7,2018,1674.0,clfpoly3,STATEN ISLAND
23,12,3.9,2018,1677.0,clfpoly3,STATEN ISLAND
24,1,4.8,2019,993.0,clfpoly3,STATEN ISLAND
25,2,4.5,2019,1231.0,clfpoly3,STATEN ISLAND
26,3,4.1,2019,1490.0,clfpoly3,STATEN ISLAND
27,4,3.6,2019,1720.0,clfpoly3,STATEN ISLAND
28,5,4.1,2019,1685.0,clfpoly3,STATEN ISLAND
29,6,4.1,2019,1788.0,clfpoly3,STATEN ISLAND
30,7,4.6,2019,1867.0,clfpoly3,STATEN ISLAND
31,8,4.4,2019,1983.0,clfpoly3,STATEN ISLAND
32,9,3.9,2019,1971.0,clfpoly3,STATEN ISLAND
33,10,3.9,2019,1969.0,clfpoly3,STATEN ISLAND
34,11,3.7,2019,1830.0,clfpoly3,STATEN ISLAND
35,12,3.9,2019,1827.0,clfpoly3,STATEN ISLAND
36,1,4.8,2020,586.0,clfpoly3,STATEN ISLAND
37,2,4.5,2020,880.0,clfpoly3,STATEN ISLAND
38,3,4.1,2020,1194.0,clfpoly3,STATEN ISLAND
39,4,3.6,2020,1482.0,clfpoly3,STATEN ISLAND
40,5,4.1,2020,1493.0,clfpoly3,STATEN ISLAND
41,6,4.1,2020,1648.0,clfpoly3,STATEN ISLAND
42,7,4.6,2020,1773.0,clfpoly3,STATEN ISLAND
43,8,4.4,2020,1942.0,clfpoly3,STATEN ISLAND
44,9,3.9,2020,1987.0,clfpoly3,STATEN ISLAND
45,10,3.9,2020,2037.0,clfpoly3,STATEN ISLAND
46,11,3.7,2020,1953.0,clfpoly3,STATEN ISLAND
47,12,3.9,2020,1999.0,clfpoly3,STATEN ISLAND
48,1,4.8,2021,179.0,clfpoly3,STATEN ISLAND
49,2,4.5,2021,528.0,clfpoly3,STATEN ISLAND
50,3,4.1,2021,899.0,clfpoly3,STATEN ISLAND
51,4,3.6,2021,1244.0,clfpoly3,STATEN ISLAND
52,5,4.1,2021,1301.0,clfpoly3,STATEN ISLAND
53,6,4.1,2021,1507.0,clfpoly3,STATEN ISLAND
54,7,4.6,2021,1679.0,clfpoly3,STATEN ISLAND
55,8,4.4,2021,1902.0,clfpoly3,STATEN ISLAND
56,9,3.9,2021,2004.0,clfpoly3,STATEN ISLAND
57,10,3.9,2021,2106.0,clfpoly3,STATEN ISLAND
58,11,3.7,2021,2076.0,clfpoly3,STATEN ISLAND
59,12,3.9,2021,2171.0,clfpoly3,STATEN ISLAND
60,1,4.8,2022,-228.0,clfpoly3,STATEN ISLAND
61,2,4.5,2022,176.0,clfpoly3,STATEN ISLAND
62,3,4.1,2022,603.0,clfpoly3,STATEN ISLAND
63,4,3.6,2022,1005.0,clfpoly3,STATEN ISLAND
64,5,4.1,2022,1109.0,clfpoly3,STATEN ISLAND
65,6,4.1,2022,1367.0,clfpoly3,STATEN ISLAND
66,7,4.6,2022,1585.0,clfpoly3,STATEN ISLAND
67,8,4.4,2022,1862.0,clfpoly3,STATEN ISLAND
68,9,3.9,2022,2021.0,clfpoly3,STATEN ISLAND
69,10,3.9,2022,2175.0,clfpoly3,STATEN ISLAND
70,11,3.7,2022,2198.0,clfpoly3,STATEN ISLAND
71,12,3.9,2022,2344.0,clfpoly3,STATEN ISLAND
0,1,5.1,2017,1811.0,dtc,STATEN ISLAND
1,2,5.1,2017,1518.0,dtc,STATEN ISLAND
2,3,4.5,2017,1907.0,dtc,STATEN ISLAND
3,4,4.3,2017,1934.0,dtc,STATEN ISLAND
4,5,4.4,2017,2099.0,dtc,STATEN ISLAND
5,6,4.7,2017,2113.0,dtc,STATEN ISLAND
6,7,5.4,2017,1971.0,dtc,STATEN ISLAND
7,8,5.4,2017,2066.0,dtc,STATEN ISLAND
8,9,4.6,2017,2023.0,dtc,STATEN ISLAND
9,10,4.4,2017,1925.0,dtc,STATEN ISLAND
10,11,4.1,2017,1775.0,dtc,STATEN ISLAND
11,12,4.0,2017,1569.0,dtc,STATEN ISLAND
12,1,4.6,2018,1531.0,dtc,STATEN ISLAND
13,2,4.6,2018,1364.0,dtc,STATEN ISLAND
14,3,4.3,2018,1910.0,dtc,STATEN ISLAND
15,4,3.9,2018,1773.0,dtc,STATEN ISLAND
16,5,3.6,2018,2010.0,dtc,STATEN ISLAND
17,6,4.2,2018,1935.0,dtc,STATEN ISLAND
18,7,4.6,2018,2008.0,dtc,STATEN ISLAND
19,8,4.5,2018,1998.0,dtc,STATEN ISLAND
20,9,3.9,2018,1884.0,dtc,STATEN ISLAND
21,10,3.9,2018,1950.0,dtc,STATEN ISLAND
22,11,3.7,2018,1674.0,dtc,STATEN ISLAND
23,12,3.9,2018,1677.0,dtc,STATEN ISLAND
24,1,4.8,2019,1531.0,dtc,STATEN ISLAND
25,2,4.5,2019,1364.0,dtc,STATEN ISLAND
26,3,4.1,2019,1773.0,dtc,STATEN ISLAND
27,4,3.6,2019,1773.0,dtc,STATEN ISLAND
28,5,4.1,2019,1945.0,dtc,STATEN ISLAND
29,6,4.1,2019,1945.0,dtc,STATEN ISLAND
30,7,4.6,2019,2025.0,dtc,STATEN ISLAND
31,8,4.4,2019,2025.0,dtc,STATEN ISLAND
32,9,3.9,2019,1945.0,dtc,STATEN ISLAND
33,10,3.9,2019,1945.0,dtc,STATEN ISLAND
34,11,3.7,2019,1676.0,dtc,STATEN ISLAND
35,12,3.9,2019,1676.0,dtc,STATEN ISLAND
36,1,4.8,2020,1531.0,dtc,STATEN ISLAND
37,2,4.5,2020,1364.0,dtc,STATEN ISLAND
38,3,4.1,2020,1773.0,dtc,STATEN ISLAND
39,4,3.6,2020,1773.0,dtc,STATEN ISLAND
40,5,4.1,2020,1945.0,dtc,STATEN ISLAND
41,6,4.1,2020,1945.0,dtc,STATEN ISLAND
42,7,4.6,2020,2025.0,dtc,STATEN ISLAND
43,8,4.4,2020,2025.0,dtc,STATEN ISLAND
44,9,3.9,2020,1945.0,dtc,STATEN ISLAND
45,10,3.9,2020,1945.0,dtc,STATEN ISLAND
46,11,3.7,2020,1676.0,dtc,STATEN ISLAND
47,12,3.9,2020,1676.0,dtc,STATEN ISLAND
48,1,4.8,2021,1531.0,dtc,STATEN ISLAND
49,2,4.5,2021,1364.0,dtc,STATEN ISLAND
50,3,4.1,2021,1773.0,dtc,STATEN ISLAND
51,4,3.6,2021,1773.0,dtc,STATEN ISLAND
52,5,4.1,2021,1945.0,dtc,STATEN ISLAND
53,6,4.1,2021,1945.0,dtc,STATEN ISLAND
54,7,4.6,2021,2025.0,dtc,STATEN ISLAND
55,8,4.4,2021,2025.0,dtc,STATEN ISLAND
56,9,3.9,2021,1945.0,dtc,STATEN ISLAND
57,10,3.9,2021,1945.0,dtc,STATEN ISLAND
58,11,3.7,2021,1676.0,dtc,STATEN ISLAND
59,12,3.9,2021,1676.0,dtc,STATEN ISLAND
60,1,4.8,2022,1531.0,dtc,STATEN ISLAND
61,2,4.5,2022,1364.0,dtc,STATEN ISLAND
62,3,4.1,2022,1773.0,dtc,STATEN ISLAND
63,4,3.6,2022,1773.0,dtc,STATEN ISLAND
64,5,4.1,2022,1945.0,dtc,STATEN ISLAND
65,6,4.1,2022,1945.0,dtc,STATEN ISLAND
66,7,4.6,2022,2025.0,dtc,STATEN ISLAND
67,8,4.4,2022,2025.0,dtc,STATEN ISLAND
68,9,3.9,2022,1945.0,dtc,STATEN ISLAND
69,10,3.9,2022,1945.0,dtc,STATEN ISLAND
70,11,3.7,2022,1676.0,dtc,STATEN ISLAND
71,12,3.9,2022,1676.0,dtc,STATEN ISLAND
0,1,5.1,2017,1811.0,knn,STATEN ISLAND
1,2,5.1,2017,1518.0,knn,STATEN ISLAND
2,3,4.5,2017,1907.0,knn,STATEN ISLAND
3,4,4.3,2017,1934.0,knn,STATEN ISLAND
4,5,4.4,2017,2099.0,knn,STATEN ISLAND
5,6,4.7,2017,2113.0,knn,STATEN ISLAND
6,7,5.4,2017,1971.0,knn,STATEN ISLAND
7,8,5.4,2017,2066.0,knn,STATEN ISLAND
8,9,4.6,2017,2023.0,knn,STATEN ISLAND
9,10,4.4,2017,1925.0,knn,STATEN ISLAND
10,11,4.1,2017,1775.0,knn,STATEN ISLAND
11,12,4.0,2017,1569.0,knn,STATEN ISLAND
12,1,4.6,2018,1531.0,knn,STATEN ISLAND
13,2,4.6,2018,1364.0,knn,STATEN ISLAND
14,3,4.3,2018,1910.0,knn,STATEN ISLAND
15,4,3.9,2018,1773.0,knn,STATEN ISLAND
16,5,3.6,2018,2010.0,knn,STATEN ISLAND
17,6,4.2,2018,1935.0,knn,STATEN ISLAND
18,7,4.6,2018,2008.0,knn,STATEN ISLAND
19,8,4.5,2018,1998.0,knn,STATEN ISLAND
20,9,3.9,2018,1884.0,knn,STATEN ISLAND
21,10,3.9,2018,1950.0,knn,STATEN ISLAND
22,11,3.7,2018,1674.0,knn,STATEN ISLAND
23,12,3.9,2018,1677.0,knn,STATEN ISLAND
24,1,4.8,2019,1786.0,knn,STATEN ISLAND
25,2,4.5,2019,1786.0,knn,STATEN ISLAND
26,3,4.1,2019,1786.0,knn,STATEN ISLAND
27,4,3.6,2019,1856.0,knn,STATEN ISLAND
28,5,4.1,2019,1966.0,knn,STATEN ISLAND
29,6,4.1,2019,1991.0,knn,STATEN ISLAND
30,7,4.6,2019,2011.0,knn,STATEN ISLAND
31,8,4.4,2019,1987.0,knn,STATEN ISLAND
32,9,3.9,2019,1898.0,knn,STATEN ISLAND
33,10,3.9,2019,1854.0,knn,STATEN ISLAND
34,11,3.7,2019,1854.0,knn,STATEN ISLAND
35,12,3.9,2019,1854.0,knn,STATEN ISLAND
36,1,4.8,2020,1786.0,knn,STATEN ISLAND
37,2,4.5,2020,1786.0,knn,STATEN ISLAND
38,3,4.1,2020,1798.0,knn,STATEN ISLAND
39,4,3.6,2020,1847.0,knn,STATEN ISLAND
40,5,4.1,2020,1969.0,knn,STATEN ISLAND
41,6,4.1,2020,1972.0,knn,STATEN ISLAND
42,7,4.6,2020,2011.0,knn,STATEN ISLAND
43,8,4.4,2020,1987.0,knn,STATEN ISLAND
44,9,3.9,2020,1898.0,knn,STATEN ISLAND
45,10,3.9,2020,1848.0,knn,STATEN ISLAND
46,11,3.7,2020,1848.0,knn,STATEN ISLAND
47,12,3.9,2020,1854.0,knn,STATEN ISLAND
48,1,4.8,2021,1786.0,knn,STATEN ISLAND
49,2,4.5,2021,1786.0,knn,STATEN ISLAND
50,3,4.1,2021,1798.0,knn,STATEN ISLAND
51,4,3.6,2021,1847.0,knn,STATEN ISLAND
52,5,4.1,2021,1914.0,knn,STATEN ISLAND
53,6,4.1,2021,1970.0,knn,STATEN ISLAND
54,7,4.6,2021,1971.0,knn,STATEN ISLAND
55,8,4.4,2021,1952.0,knn,STATEN ISLAND
56,9,3.9,2021,1914.0,knn,STATEN ISLAND
57,10,3.9,2021,1848.0,knn,STATEN ISLAND
58,11,3.7,2021,1848.0,knn,STATEN ISLAND
59,12,3.9,2021,1854.0,knn,STATEN ISLAND
60,1,4.8,2022,1786.0,knn,STATEN ISLAND
61,2,4.5,2022,1769.0,knn,STATEN ISLAND
62,3,4.1,2022,1798.0,knn,STATEN ISLAND
63,4,3.6,2022,1847.0,knn,STATEN ISLAND
64,5,4.1,2022,1914.0,knn,STATEN ISLAND
65,6,4.1,2022,1970.0,knn,STATEN ISLAND
66,7,4.6,2022,1971.0,knn,STATEN ISLAND
67,8,4.4,2022,1952.0,knn,STATEN ISLAND
68,9,3.9,2022,1914.0,knn,STATEN ISLAND
69,10,3.9,2022,1848.0,knn,STATEN ISLAND
70,11,3.7,2022,1848.0,knn,STATEN ISLAND
71,12,3.9,2022,1848.0,knn,STATEN ISLAND
0,1,5.1,2017,1811.0,lr,STATEN ISLAND
1,2,5.1,2017,1518.0,lr,STATEN ISLAND
2,3,4.5,2017,1907.0,lr,STATEN ISLAND
3,4,4.3,2017,1934.0,lr,STATEN ISLAND
4,5,4.4,2017,2099.0,lr,STATEN ISLAND
5,6,4.7,2017,2113.0,lr,STATEN ISLAND
6,7,5.4,2017,1971.0,lr,STATEN ISLAND
7,8,5.4,2017,2066.0,lr,STATEN ISLAND
8,9,4.6,2017,2023.0,lr,STATEN ISLAND
9,10,4.4,2017,1925.0,lr,STATEN ISLAND
10,11,4.1,2017,1775.0,lr,STATEN ISLAND
11,12,4.0,2017,1569.0,lr,STATEN ISLAND
12,1,4.6,2018,1531.0,lr,STATEN ISLAND
13,2,4.6,2018,1364.0,lr,STATEN ISLAND
14,3,4.3,2018,1910.0,lr,STATEN ISLAND
15,4,3.9,2018,1773.0,lr,STATEN ISLAND
16,5,3.6,2018,2010.0,lr,STATEN ISLAND
17,6,4.2,2018,1935.0,lr,STATEN ISLAND
18,7,4.6,2018,2008.0,lr,STATEN ISLAND
19,8,4.5,2018,1998.0,lr,STATEN ISLAND
20,9,3.9,2018,1884.0,lr,STATEN ISLAND
21,10,3.9,2018,1950.0,lr,STATEN ISLAND
22,11,3.7,2018,1674.0,lr,STATEN ISLAND
23,12,3.9,2018,1677.0,lr,STATEN ISLAND
24,1,4.8,2019,1531.0,lr,STATEN ISLAND
25,2,4.5,2019,1531.0,lr,STATEN ISLAND
26,3,4.1,2019,1773.0,lr,STATEN ISLAND
27,4,3.6,2019,2010.0,lr,STATEN ISLAND
28,5,4.1,2019,2010.0,lr,STATEN ISLAND
29,6,4.1,2019,2010.0,lr,STATEN ISLAND
30,7,4.6,2019,1971.0,lr,STATEN ISLAND
31,8,4.4,2019,1998.0,lr,STATEN ISLAND
32,9,3.9,2019,1884.0,lr,STATEN ISLAND
33,10,3.9,2019,1674.0,lr,STATEN ISLAND
34,11,3.7,2019,1674.0,lr,STATEN ISLAND
35,12,3.9,2019,1677.0,lr,STATEN ISLAND
36,1,4.8,2020,1531.0,lr,STATEN ISLAND
37,2,4.5,2020,1531.0,lr,STATEN ISLAND
38,3,4.1,2020,1773.0,lr,STATEN ISLAND
39,4,3.6,2020,2010.0,lr,STATEN ISLAND
40,5,4.1,2020,2010.0,lr,STATEN ISLAND
41,6,4.1,2020,2010.0,lr,STATEN ISLAND
42,7,4.6,2020,1971.0,lr,STATEN ISLAND
43,8,4.4,2020,1998.0,lr,STATEN ISLAND
44,9,3.9,2020,1884.0,lr,STATEN ISLAND
45,10,3.9,2020,1674.0,lr,STATEN ISLAND
46,11,3.7,2020,1674.0,lr,STATEN ISLAND
47,12,3.9,2020,1677.0,lr,STATEN ISLAND
48,1,4.8,2021,1531.0,lr,STATEN ISLAND
49,2,4.5,2021,1531.0,lr,STATEN ISLAND
50,3,4.1,2021,1773.0,lr,STATEN ISLAND
51,4,3.6,2021,2010.0,lr,STATEN ISLAND
52,5,4.1,2021,2010.0,lr,STATEN ISLAND
53,6,4.1,2021,2010.0,lr,STATEN ISLAND
54,7,4.6,2021,1971.0,lr,STATEN ISLAND
55,8,4.4,2021,1998.0,lr,STATEN ISLAND
56,9,3.9,2021,1884.0,lr,STATEN ISLAND
57,10,3.9,2021,1674.0,lr,STATEN ISLAND
58,11,3.7,2021,1674.0,lr,STATEN ISLAND
59,12,3.9,2021,1677.0,lr,STATEN ISLAND
60,1,4.8,2022,1531.0,lr,STATEN ISLAND
61,2,4.5,2022,1531.0,lr,STATEN ISLAND
62,3,4.1,2022,1773.0,lr,STATEN ISLAND
63,4,3.6,2022,2010.0,lr,STATEN ISLAND
64,5,4.1,2022,2010.0,lr,STATEN ISLAND
65,6,4.1,2022,2010.0,lr,STATEN ISLAND
66,7,4.6,2022,1971.0,lr,STATEN ISLAND
67,8,4.4,2022,1998.0,lr,STATEN ISLAND
68,9,3.9,2022,1884.0,lr,STATEN ISLAND
69,10,3.9,2022,1674.0,lr,STATEN ISLAND
70,11,3.7,2022,1674.0,lr,STATEN ISLAND
71,12,3.9,2022,1677.0,lr,STATEN ISLAND
0,1,5.1,2017,1811.0,rf,STATEN ISLAND
1,2,5.1,2017,1518.0,rf,STATEN ISLAND
2,3,4.5,2017,1907.0,rf,STATEN ISLAND
3,4,4.3,2017,1934.0,rf,STATEN ISLAND
4,5,4.4,2017,2099.0,rf,STATEN ISLAND
5,6,4.7,2017,2113.0,rf,STATEN ISLAND
6,7,5.4,2017,1971.0,rf,STATEN ISLAND
7,8,5.4,2017,2066.0,rf,STATEN ISLAND
8,9,4.6,2017,2023.0,rf,STATEN ISLAND
9,10,4.4,2017,1925.0,rf,STATEN ISLAND
10,11,4.1,2017,1775.0,rf,STATEN ISLAND
11,12,4.0,2017,1569.0,rf,STATEN ISLAND
12,1,4.6,2018,1531.0,rf,STATEN ISLAND
13,2,4.6,2018,1364.0,rf,STATEN ISLAND
14,3,4.3,2018,1910.0,rf,STATEN ISLAND
15,4,3.9,2018,1773.0,rf,STATEN ISLAND
16,5,3.6,2018,2010.0,rf,STATEN ISLAND
17,6,4.2,2018,1935.0,rf,STATEN ISLAND
18,7,4.6,2018,2008.0,rf,STATEN ISLAND
19,8,4.5,2018,1998.0,rf,STATEN ISLAND
20,9,3.9,2018,1884.0,rf,STATEN ISLAND
21,10,3.9,2018,1950.0,rf,STATEN ISLAND
22,11,3.7,2018,1674.0,rf,STATEN ISLAND
23,12,3.9,2018,1677.0,rf,STATEN ISLAND
24,1,4.8,2019,1671.0,rf,STATEN ISLAND
25,2,4.5,2019,1519.0,rf,STATEN ISLAND
26,3,4.1,2019,1763.0,rf,STATEN ISLAND
27,4,3.6,2019,1861.0,rf,STATEN ISLAND
28,5,4.1,2019,1951.0,rf,STATEN ISLAND
29,6,4.1,2019,1927.0,rf,STATEN ISLAND
30,7,4.6,2019,1995.0,rf,STATEN ISLAND
31,8,4.4,2019,1988.0,rf,STATEN ISLAND
32,9,3.9,2019,1907.0,rf,STATEN ISLAND
33,10,3.9,2019,1935.0,rf,STATEN ISLAND
34,11,3.7,2019,1674.0,rf,STATEN ISLAND
35,12,3.9,2019,1666.0,rf,STATEN ISLAND
36,1,4.8,2020,1671.0,rf,STATEN ISLAND
37,2,4.5,2020,1519.0,rf,STATEN ISLAND
38,3,4.1,2020,1763.0,rf,STATEN ISLAND
39,4,3.6,2020,1861.0,rf,STATEN ISLAND
40,5,4.1,2020,1951.0,rf,STATEN ISLAND
41,6,4.1,2020,1927.0,rf,STATEN ISLAND
42,7,4.6,2020,1995.0,rf,STATEN ISLAND
43,8,4.4,2020,1988.0,rf,STATEN ISLAND
44,9,3.9,2020,1907.0,rf,STATEN ISLAND
45,10,3.9,2020,1935.0,rf,STATEN ISLAND
46,11,3.7,2020,1674.0,rf,STATEN ISLAND
47,12,3.9,2020,1666.0,rf,STATEN ISLAND
48,1,4.8,2021,1671.0,rf,STATEN ISLAND
49,2,4.5,2021,1519.0,rf,STATEN ISLAND
50,3,4.1,2021,1763.0,rf,STATEN ISLAND
51,4,3.6,2021,1861.0,rf,STATEN ISLAND
52,5,4.1,2021,1951.0,rf,STATEN ISLAND
53,6,4.1,2021,1927.0,rf,STATEN ISLAND
54,7,4.6,2021,1995.0,rf,STATEN ISLAND
55,8,4.4,2021,1988.0,rf,STATEN ISLAND
56,9,3.9,2021,1907.0,rf,STATEN ISLAND
57,10,3.9,2021,1935.0,rf,STATEN ISLAND
58,11,3.7,2021,1674.0,rf,STATEN ISLAND
59,12,3.9,2021,1666.0,rf,STATEN ISLAND
60,1,4.8,2022,1671.0,rf,STATEN ISLAND
61,2,4.5,2022,1519.0,rf,STATEN ISLAND
62,3,4.1,2022,1763.0,rf,STATEN ISLAND
63,4,3.6,2022,1861.0,rf,STATEN ISLAND
64,5,4.1,2022,1951.0,rf,STATEN ISLAND
65,6,4.1,2022,1927.0,rf,STATEN ISLAND
66,7,4.6,2022,1995.0,rf,STATEN ISLAND
67,8,4.4,2022,1988.0,rf,STATEN ISLAND
68,9,3.9,2022,1907.0,rf,STATEN ISLAND
69,10,3.9,2022,1935.0,rf,STATEN ISLAND
70,11,3.7,2022,1674.0,rf,STATEN ISLAND
71,12,3.9,2022,1666.0,rf,STATEN ISLAND
