,year,month,region,count
0,2018,12,BRONX,7704
1,2018,12,QUEENS,7043
2,2018,12,MANHATTAN,8504
3,2018,12,BROOKLYN,10641
4,2018,12,STATEN ISLAND,1677
5,2018,4,BRONX,8481
6,2018,4,QUEENS,7784
7,2018,4,MANHATTAN,9417
8,2018,4,BROOKLYN,11742
9,2018,4,STATEN ISLAND,1773
10,2018,6,BRONX,8880
11,2018,6,QUEENS,8186
12,2018,6,MANHATTAN,9583
13,2018,6,BROOKLYN,12518
14,2018,6,STATEN ISLAND,1935
15,2018,11,BRONX,8207
16,2018,11,QUEENS,7377
17,2018,11,MANHATTAN,8755
18,2018,11,BROOKLYN,11245
19,2018,11,STATEN ISLAND,1674
20,2018,10,BRONX,9092
21,2018,10,QUEENS,8079
22,2018,10,MANHATTAN,9619
23,2018,10,BROOKLYN,11843
24,2018,10,STATEN ISLAND,1950
25,2018,9,BRONX,9378
26,2018,9,QUEENS,7987
27,2018,9,MANHATTAN,9597
28,2018,9,BROOKLYN,12220
29,2018,9,STATEN ISLAND,1884
30,2018,8,BRONX,10009
31,2018,8,QUEENS,8627
32,2018,8,MANHATTAN,10251
33,2018,8,BROOKLYN,13440
34,2018,8,STATEN ISLAND,1998
35,2018,7,BRONX,9689
36,2018,7,QUEENS,8754
37,2018,7,MANHATTAN,10308
38,2018,7,BROOKLYN,13175
39,2018,7,STATEN ISLAND,2008
40,2018,5,BRONX,9314
41,2018,5,QUEENS,8292
42,2018,5,MANHATTAN,9950
43,2018,5,BROOKLYN,12882
44,2018,5,STATEN ISLAND,2010
45,2018,3,BRONX,8177
46,2018,3,QUEENS,7468
47,2018,3,MANHATTAN,8888
48,2018,3,BROOKLYN,11223
49,2018,3,STATEN ISLAND,1910
50,2018,1,BRONX,7265
51,2018,1,QUEENS,6999
52,2018,1,MANHATTAN,8181
53,2018,1,BROOKLYN,10501
54,2018,1,STATEN ISLAND,1531
55,2018,2,BRONX,6754
56,2018,2,QUEENS,6387
57,2018,2,MANHATTAN,7527
58,2018,2,BROOKLYN,8922
59,2018,2,STATEN ISLAND,1364
60,2016,12,BRONX,8216
61,2016,12,QUEENS,8173
62,2016,12,MANHATTAN,9394
63,2016,12,BROOKLYN,11828
64,2016,12,STATEN ISLAND,1839
65,2016,4,BRONX,58
66,2016,4,QUEENS,58
67,2016,4,MANHATTAN,86
68,2016,4,BROOKLYN,94
69,2016,4,STATEN ISLAND,15
70,2016,6,BRONX,75
71,2016,6,QUEENS,119
72,2016,6,MANHATTAN,125
73,2016,6,BROOKLYN,130
74,2016,6,STATEN ISLAND,31
75,2016,11,BRONX,8352
76,2016,11,QUEENS,8439
77,2016,11,MANHATTAN,9078
78,2016,11,BROOKLYN,11792
79,2016,11,STATEN ISLAND,1905
80,2016,10,BRONX,503
81,2016,10,QUEENS,602
82,2016,10,MANHATTAN,661
83,2016,10,BROOKLYN,816
84,2016,10,STATEN ISLAND,152
85,2016,9,BRONX,203
86,2016,9,QUEENS,237
87,2016,9,MANHATTAN,291
88,2016,9,BROOKLYN,342
89,2016,9,STATEN ISLAND,51
90,2016,8,BRONX,117
91,2016,8,QUEENS,122
92,2016,8,MANHATTAN,179
93,2016,8,BROOKLYN,194
94,2016,8,STATEN ISLAND,37
95,2016,7,BRONX,110
96,2016,7,QUEENS,111
97,2016,7,MANHATTAN,129
98,2016,7,BROOKLYN,152
99,2016,7,STATEN ISLAND,38
100,2016,5,BRONX,55
101,2016,5,QUEENS,62
102,2016,5,MANHATTAN,81
103,2016,5,BROOKLYN,104
104,2016,5,STATEN ISLAND,19
105,2016,3,BRONX,51
106,2016,3,QUEENS,56
107,2016,3,MANHATTAN,78
108,2016,3,BROOKLYN,88
109,2016,3,STATEN ISLAND,15
110,2016,1,BRONX,83
111,2016,1,QUEENS,100
112,2016,1,MANHATTAN,118
113,2016,1,BROOKLYN,146
114,2016,1,STATEN ISLAND,26
115,2016,2,BRONX,48
116,2016,2,QUEENS,48
117,2016,2,MANHATTAN,51
118,2016,2,BROOKLYN,70
119,2016,2,STATEN ISLAND,10
120,2012,12,BRONX,2
121,2012,12,QUEENS,2
122,2012,12,MANHATTAN,3
123,2012,12,BROOKLYN,6
124,2012,12,STATEN ISLAND,2
125,2012,4,BRONX,1
126,2012,4,QUEENS,1
127,2012,4,MANHATTAN,2
128,2012,4,BROOKLYN,4
129,2012,4,STATEN ISLAND,2
130,2012,6,BRONX,1
131,2012,6,QUEENS,2
132,2012,6,MANHATTAN,7
133,2012,6,BROOKLYN,6
134,2012,6,STATEN ISLAND,3
135,2012,11,BRONX,7
136,2012,11,QUEENS,3
137,2012,11,MANHATTAN,4
138,2012,11,BROOKLYN,5
139,2012,11,STATEN ISLAND,5
140,2012,10,BRONX,5
141,2012,10,QUEENS,5
142,2012,10,MANHATTAN,6
143,2012,10,BROOKLYN,4
144,2012,10,STATEN ISLAND,1
145,2012,9,BRONX,4
146,2012,9,QUEENS,4
147,2012,9,MANHATTAN,6
148,2012,9,BROOKLYN,4
149,2012,9,STATEN ISLAND,0
150,2012,8,BRONX,2
151,2012,8,QUEENS,3
152,2012,8,MANHATTAN,3
153,2012,8,BROOKLYN,2
154,2012,8,STATEN ISLAND,0
155,2012,7,BRONX,5
156,2012,7,QUEENS,5
157,2012,7,MANHATTAN,1
158,2012,7,BROOKLYN,5
159,2012,7,STATEN ISLAND,3
160,2012,5,BRONX,2
161,2012,5,QUEENS,3
162,2012,5,MANHATTAN,1
163,2012,5,BROOKLYN,7
164,2012,5,STATEN ISLAND,1
165,2012,3,BRONX,0
166,2012,3,QUEENS,0
167,2012,3,MANHATTAN,5
168,2012,3,BROOKLYN,4
169,2012,3,STATEN ISLAND,1
170,2012,1,BRONX,14
171,2012,1,QUEENS,8
172,2012,1,MANHATTAN,13
173,2012,1,BROOKLYN,32
174,2012,1,STATEN ISLAND,1
175,2012,2,BRONX,3
176,2012,2,QUEENS,1
177,2012,2,MANHATTAN,4
178,2012,2,BROOKLYN,6
179,2012,2,STATEN ISLAND,0
180,2017,12,BRONX,7279
181,2017,12,QUEENS,7420
182,2017,12,MANHATTAN,8011
183,2017,12,BROOKLYN,10683
184,2017,12,STATEN ISLAND,1569
185,2017,4,BRONX,8578
186,2017,4,QUEENS,8008
187,2017,4,MANHATTAN,9019
188,2017,4,BROOKLYN,12148
189,2017,4,STATEN ISLAND,1934
190,2017,6,BRONX,9260
191,2017,6,QUEENS,8713
192,2017,6,MANHATTAN,10058
193,2017,6,BROOKLYN,12739
194,2017,6,STATEN ISLAND,2113
195,2017,11,BRONX,8389
196,2017,11,QUEENS,7586
197,2017,11,MANHATTAN,8827
198,2017,11,BROOKLYN,11227
199,2017,11,STATEN ISLAND,1775
200,2017,10,BRONX,9638
201,2017,10,QUEENS,8858
202,2017,10,MANHATTAN,10018
203,2017,10,BROOKLYN,13529
204,2017,10,STATEN ISLAND,1925
205,2017,9,BRONX,9410
206,2017,9,QUEENS,8576
207,2017,9,MANHATTAN,9876
208,2017,9,BROOKLYN,12877
209,2017,9,STATEN ISLAND,2023
210,2017,8,BRONX,9845
211,2017,8,QUEENS,9022
212,2017,8,MANHATTAN,10235
213,2017,8,BROOKLYN,13657
214,2017,8,STATEN ISLAND,2066
215,2017,7,BRONX,9686
216,2017,7,QUEENS,9009
217,2017,7,MANHATTAN,10277
218,2017,7,BROOKLYN,13944
219,2017,7,STATEN ISLAND,1971
220,2017,5,BRONX,9373
221,2017,5,QUEENS,9129
222,2017,5,MANHATTAN,10391
223,2017,5,BROOKLYN,13407
224,2017,5,STATEN ISLAND,2099
225,2017,3,BRONX,8801
226,2017,3,QUEENS,8306
227,2017,3,MANHATTAN,9341
228,2017,3,BROOKLYN,12223
229,2017,3,STATEN ISLAND,1907
230,2017,1,BRONX,8463
231,2017,1,QUEENS,8276
232,2017,1,MANHATTAN,8955
233,2017,1,BROOKLYN,11629
234,2017,1,STATEN ISLAND,1811
235,2017,2,BRONX,7295
236,2017,2,QUEENS,7185
237,2017,2,MANHATTAN,8088
238,2017,2,BROOKLYN,10390
239,2017,2,STATEN ISLAND,1518
240,2014,12,BRONX,9
241,2014,12,QUEENS,11
242,2014,12,MANHATTAN,15
243,2014,12,BROOKLYN,14
244,2014,12,STATEN ISLAND,4
245,2014,4,BRONX,11
246,2014,4,QUEENS,2
247,2014,4,MANHATTAN,7
248,2014,4,BROOKLYN,4
249,2014,4,STATEN ISLAND,0
250,2014,6,BRONX,6
251,2014,6,QUEENS,9
252,2014,6,MANHATTAN,15
253,2014,6,BROOKLYN,12
254,2014,6,STATEN ISLAND,7
255,2014,11,BRONX,11
256,2014,11,QUEENS,14
257,2014,11,MANHATTAN,12
258,2014,11,BROOKLYN,16
259,2014,11,STATEN ISLAND,4
260,2014,10,BRONX,7
261,2014,10,QUEENS,8
262,2014,10,MANHATTAN,15
263,2014,10,BROOKLYN,13
264,2014,10,STATEN ISLAND,3
265,2014,9,BRONX,8
266,2014,9,QUEENS,6
267,2014,9,MANHATTAN,15
268,2014,9,BROOKLYN,15
269,2014,9,STATEN ISLAND,4
270,2014,8,BRONX,5
271,2014,8,QUEENS,10
272,2014,8,MANHATTAN,6
273,2014,8,BROOKLYN,18
274,2014,8,STATEN ISLAND,0
275,2014,7,BRONX,11
276,2014,7,QUEENS,12
277,2014,7,MANHATTAN,9
278,2014,7,BROOKLYN,10
279,2014,7,STATEN ISLAND,4
280,2014,5,BRONX,4
281,2014,5,QUEENS,7
282,2014,5,MANHATTAN,4
283,2014,5,BROOKLYN,9
284,2014,5,STATEN ISLAND,1
285,2014,3,BRONX,10
286,2014,3,QUEENS,8
287,2014,3,MANHATTAN,13
288,2014,3,BROOKLYN,16
289,2014,3,STATEN ISLAND,2
290,2014,1,BRONX,29
291,2014,1,QUEENS,18
292,2014,1,MANHATTAN,21
293,2014,1,BROOKLYN,33
294,2014,1,STATEN ISLAND,4
295,2014,2,BRONX,8
296,2014,2,QUEENS,7
297,2014,2,MANHATTAN,6
298,2014,2,BROOKLYN,11
299,2014,2,STATEN ISLAND,5
300,2007,12,BRONX,3
301,2007,12,QUEENS,1
302,2007,12,MANHATTAN,3
303,2007,12,BROOKLYN,1
304,2007,12,STATEN ISLAND,1
305,2007,4,BRONX,1
306,2007,4,QUEENS,0
307,2007,4,MANHATTAN,1
308,2007,4,BROOKLYN,4
309,2007,4,STATEN ISLAND,0
310,2007,6,BRONX,1
311,2007,6,QUEENS,1
312,2007,6,MANHATTAN,2
313,2007,6,BROOKLYN,2
314,2007,6,STATEN ISLAND,1
315,2007,11,BRONX,2
316,2007,11,QUEENS,1
317,2007,11,MANHATTAN,2
318,2007,11,BROOKLYN,2
319,2007,11,STATEN ISLAND,0
320,2007,10,BRONX,4
321,2007,10,QUEENS,0
322,2007,10,MANHATTAN,0
323,2007,10,BROOKLYN,3
324,2007,10,STATEN ISLAND,0
325,2007,9,BRONX,4
326,2007,9,QUEENS,1
327,2007,9,MANHATTAN,4
328,2007,9,BROOKLYN,2
329,2007,9,STATEN ISLAND,1
330,2007,8,BRONX,1
331,2007,8,QUEENS,0
332,2007,8,MANHATTAN,0
333,2007,8,BROOKLYN,2
334,2007,8,STATEN ISLAND,1
335,2007,7,BRONX,2
336,2007,7,QUEENS,2
337,2007,7,MANHATTAN,2
338,2007,7,BROOKLYN,2
339,2007,7,STATEN ISLAND,0
340,2007,5,BRONX,3
341,2007,5,QUEENS,1
342,2007,5,MANHATTAN,2
343,2007,5,BROOKLYN,3
344,2007,5,STATEN ISLAND,0
345,2007,3,BRONX,1
346,2007,3,QUEENS,2
347,2007,3,MANHATTAN,0
348,2007,3,BROOKLYN,1
349,2007,3,STATEN ISLAND,0
350,2007,1,BRONX,5
351,2007,1,QUEENS,5
352,2007,1,MANHATTAN,7
353,2007,1,BROOKLYN,11
354,2007,1,STATEN ISLAND,1
355,2007,2,BRONX,0
356,2007,2,QUEENS,1
357,2007,2,MANHATTAN,1
358,2007,2,BROOKLYN,3
359,2007,2,STATEN ISLAND,0
360,2015,12,BRONX,35
361,2015,12,QUEENS,33
362,2015,12,MANHATTAN,44
363,2015,12,BROOKLYN,40
364,2015,12,STATEN ISLAND,7
365,2015,4,BRONX,15
366,2015,4,QUEENS,15
367,2015,4,MANHATTAN,27
368,2015,4,BROOKLYN,16
369,2015,4,STATEN ISLAND,3
370,2015,6,BRONX,18
371,2015,6,QUEENS,16
372,2015,6,MANHATTAN,27
373,2015,6,BROOKLYN,22
374,2015,6,STATEN ISLAND,2
375,2015,11,BRONX,29
376,2015,11,QUEENS,24
377,2015,11,MANHATTAN,31
378,2015,11,BROOKLYN,48
379,2015,11,STATEN ISLAND,6
380,2015,10,BRONX,16
381,2015,10,QUEENS,36
382,2015,10,MANHATTAN,39
383,2015,10,BROOKLYN,30
384,2015,10,STATEN ISLAND,4
385,2015,9,BRONX,12
386,2015,9,QUEENS,21
387,2015,9,MANHATTAN,22
388,2015,9,BROOKLYN,22
389,2015,9,STATEN ISLAND,5
390,2015,8,BRONX,21
391,2015,8,QUEENS,26
392,2015,8,MANHATTAN,31
393,2015,8,BROOKLYN,34
394,2015,8,STATEN ISLAND,7
395,2015,7,BRONX,16
396,2015,7,QUEENS,26
397,2015,7,MANHATTAN,24
398,2015,7,BROOKLYN,20
399,2015,7,STATEN ISLAND,4
400,2015,5,BRONX,9
401,2015,5,QUEENS,14
402,2015,5,MANHATTAN,20
403,2015,5,BROOKLYN,26
404,2015,5,STATEN ISLAND,1
405,2015,3,BRONX,13
406,2015,3,QUEENS,11
407,2015,3,MANHATTAN,15
408,2015,3,BROOKLYN,27
409,2015,3,STATEN ISLAND,2
410,2015,1,BRONX,24
411,2015,1,QUEENS,37
412,2015,1,MANHATTAN,26
413,2015,1,BROOKLYN,53
414,2015,1,STATEN ISLAND,8
415,2015,2,BRONX,8
416,2015,2,QUEENS,20
417,2015,2,MANHATTAN,20
418,2015,2,BROOKLYN,21
419,2015,2,STATEN ISLAND,0
420,1995,12,BRONX,0
421,1995,12,QUEENS,0
422,1995,12,MANHATTAN,0
423,1995,12,BROOKLYN,0
424,1995,12,STATEN ISLAND,0
425,1995,4,BRONX,0
426,1995,4,QUEENS,0
427,1995,4,MANHATTAN,0
428,1995,4,BROOKLYN,0
429,1995,4,STATEN ISLAND,0
430,1995,6,BRONX,0
431,1995,6,QUEENS,0
432,1995,6,MANHATTAN,1
433,1995,6,BROOKLYN,0
434,1995,6,STATEN ISLAND,0
435,1995,11,BRONX,0
436,1995,11,QUEENS,0
437,1995,11,MANHATTAN,0
438,1995,11,BROOKLYN,0
439,1995,11,STATEN ISLAND,0
440,1995,10,BRONX,1
441,1995,10,QUEENS,0
442,1995,10,MANHATTAN,0
443,1995,10,BROOKLYN,0
444,1995,10,STATEN ISLAND,0
445,1995,9,BRONX,1
446,1995,9,QUEENS,0
447,1995,9,MANHATTAN,0
448,1995,9,BROOKLYN,0
449,1995,9,STATEN ISLAND,0
450,1995,8,BRONX,0
451,1995,8,QUEENS,0
452,1995,8,MANHATTAN,0
453,1995,8,BROOKLYN,0
454,1995,8,STATEN ISLAND,0
455,1995,7,BRONX,1
456,1995,7,QUEENS,0
457,1995,7,MANHATTAN,0
458,1995,7,BROOKLYN,0
459,1995,7,STATEN ISLAND,0
460,1995,5,BRONX,0
461,1995,5,QUEENS,0
462,1995,5,MANHATTAN,0
463,1995,5,BROOKLYN,0
464,1995,5,STATEN ISLAND,0
465,1995,3,BRONX,0
466,1995,3,QUEENS,0
467,1995,3,MANHATTAN,0
468,1995,3,BROOKLYN,0
469,1995,3,STATEN ISLAND,0
470,1995,1,BRONX,0
471,1995,1,QUEENS,0
472,1995,1,MANHATTAN,3
473,1995,1,BROOKLYN,1
474,1995,1,STATEN ISLAND,0
475,1995,2,BRONX,0
476,1995,2,QUEENS,0
477,1995,2,MANHATTAN,0
478,1995,2,BROOKLYN,0
479,1995,2,STATEN ISLAND,0
480,2013,12,BRONX,5
481,2013,12,QUEENS,5
482,2013,12,MANHATTAN,9
483,2013,12,BROOKLYN,10
484,2013,12,STATEN ISLAND,2
485,2013,4,BRONX,3
486,2013,4,QUEENS,5
487,2013,4,MANHATTAN,6
488,2013,4,BROOKLYN,5
489,2013,4,STATEN ISLAND,1
490,2013,6,BRONX,7
491,2013,6,QUEENS,10
492,2013,6,MANHATTAN,7
493,2013,6,BROOKLYN,6
494,2013,6,STATEN ISLAND,2
495,2013,11,BRONX,4
496,2013,11,QUEENS,8
497,2013,11,MANHATTAN,8
498,2013,11,BROOKLYN,5
499,2013,11,STATEN ISLAND,2
500,2013,10,BRONX,5
501,2013,10,QUEENS,4
502,2013,10,MANHATTAN,7
503,2013,10,BROOKLYN,9
504,2013,10,STATEN ISLAND,0
505,2013,9,BRONX,3
506,2013,9,QUEENS,7
507,2013,9,MANHATTAN,4
508,2013,9,BROOKLYN,17
509,2013,9,STATEN ISLAND,0
510,2013,8,BRONX,7
511,2013,8,QUEENS,4
512,2013,8,MANHATTAN,8
513,2013,8,BROOKLYN,5
514,2013,8,STATEN ISLAND,1
515,2013,7,BRONX,3
516,2013,7,QUEENS,7
517,2013,7,MANHATTAN,5
518,2013,7,BROOKLYN,12
519,2013,7,STATEN ISLAND,5
520,2013,5,BRONX,3
521,2013,5,QUEENS,5
522,2013,5,MANHATTAN,2
523,2013,5,BROOKLYN,8
524,2013,5,STATEN ISLAND,2
525,2013,3,BRONX,4
526,2013,3,QUEENS,8
527,2013,3,MANHATTAN,4
528,2013,3,BROOKLYN,7
529,2013,3,STATEN ISLAND,1
530,2013,1,BRONX,14
531,2013,1,QUEENS,14
532,2013,1,MANHATTAN,15
533,2013,1,BROOKLYN,29
534,2013,1,STATEN ISLAND,5
535,2013,2,BRONX,6
536,2013,2,QUEENS,0
537,2013,2,MANHATTAN,2
538,2013,2,BROOKLYN,5
539,2013,2,STATEN ISLAND,0
540,2011,12,BRONX,3
541,2011,12,QUEENS,5
542,2011,12,MANHATTAN,1
543,2011,12,BROOKLYN,5
544,2011,12,STATEN ISLAND,1
545,2011,4,BRONX,2
546,2011,4,QUEENS,4
547,2011,4,MANHATTAN,1
548,2011,4,BROOKLYN,3
549,2011,4,STATEN ISLAND,1
550,2011,6,BRONX,3
551,2011,6,QUEENS,6
552,2011,6,MANHATTAN,5
553,2011,6,BROOKLYN,6
554,2011,6,STATEN ISLAND,0
555,2011,11,BRONX,1
556,2011,11,QUEENS,4
557,2011,11,MANHATTAN,3
558,2011,11,BROOKLYN,5
559,2011,11,STATEN ISLAND,2
560,2011,10,BRONX,0
561,2011,10,QUEENS,0
562,2011,10,MANHATTAN,3
563,2011,10,BROOKLYN,3
564,2011,10,STATEN ISLAND,1
565,2011,9,BRONX,5
566,2011,9,QUEENS,4
567,2011,9,MANHATTAN,2
568,2011,9,BROOKLYN,7
569,2011,9,STATEN ISLAND,2
570,2011,8,BRONX,2
571,2011,8,QUEENS,2
572,2011,8,MANHATTAN,2
573,2011,8,BROOKLYN,10
574,2011,8,STATEN ISLAND,1
575,2011,7,BRONX,1
576,2011,7,QUEENS,4
577,2011,7,MANHATTAN,5
578,2011,7,BROOKLYN,7
579,2011,7,STATEN ISLAND,0
580,2011,5,BRONX,2
581,2011,5,QUEENS,0
582,2011,5,MANHATTAN,3
583,2011,5,BROOKLYN,6
584,2011,5,STATEN ISLAND,1
585,2011,3,BRONX,1
586,2011,3,QUEENS,1
587,2011,3,MANHATTAN,5
588,2011,3,BROOKLYN,4
589,2011,3,STATEN ISLAND,1
590,2011,1,BRONX,10
591,2011,1,QUEENS,18
592,2011,1,MANHATTAN,9
593,2011,1,BROOKLYN,20
594,2011,1,STATEN ISLAND,6
595,2011,2,BRONX,1
596,2011,2,QUEENS,2
597,2011,2,MANHATTAN,1
598,2011,2,BROOKLYN,5
599,2011,2,STATEN ISLAND,0
600,2009,12,BRONX,1
601,2009,12,QUEENS,3
602,2009,12,MANHATTAN,0
603,2009,12,BROOKLYN,4
604,2009,12,STATEN ISLAND,0
605,2009,4,BRONX,3
606,2009,4,QUEENS,1
607,2009,4,MANHATTAN,1
608,2009,4,BROOKLYN,1
609,2009,4,STATEN ISLAND,0
610,2009,6,BRONX,2
611,2009,6,QUEENS,2
612,2009,6,MANHATTAN,2
613,2009,6,BROOKLYN,5
614,2009,6,STATEN ISLAND,2
615,2009,11,BRONX,1
616,2009,11,QUEENS,4
617,2009,11,MANHATTAN,3
618,2009,11,BROOKLYN,3
619,2009,11,STATEN ISLAND,0
620,2009,10,BRONX,1
621,2009,10,QUEENS,1
622,2009,10,MANHATTAN,2
623,2009,10,BROOKLYN,2
624,2009,10,STATEN ISLAND,1
625,2009,9,BRONX,1
626,2009,9,QUEENS,2
627,2009,9,MANHATTAN,1
628,2009,9,BROOKLYN,2
629,2009,9,STATEN ISLAND,0
630,2009,8,BRONX,2
631,2009,8,QUEENS,2
632,2009,8,MANHATTAN,0
633,2009,8,BROOKLYN,3
634,2009,8,STATEN ISLAND,0
635,2009,7,BRONX,3
636,2009,7,QUEENS,2
637,2009,7,MANHATTAN,1
638,2009,7,BROOKLYN,5
639,2009,7,STATEN ISLAND,0
640,2009,5,BRONX,1
641,2009,5,QUEENS,2
642,2009,5,MANHATTAN,0
643,2009,5,BROOKLYN,1
644,2009,5,STATEN ISLAND,0
645,2009,3,BRONX,3
646,2009,3,QUEENS,1
647,2009,3,MANHATTAN,3
648,2009,3,BROOKLYN,4
649,2009,3,STATEN ISLAND,0
650,2009,1,BRONX,10
651,2009,1,QUEENS,15
652,2009,1,MANHATTAN,4
653,2009,1,BROOKLYN,19
654,2009,1,STATEN ISLAND,2
655,2009,2,BRONX,0
656,2009,2,QUEENS,2
657,2009,2,MANHATTAN,1
658,2009,2,BROOKLYN,2
659,2009,2,STATEN ISLAND,0
660,2010,12,BRONX,1
661,2010,12,QUEENS,4
662,2010,12,MANHATTAN,2
663,2010,12,BROOKLYN,1
664,2010,12,STATEN ISLAND,4
665,2010,4,BRONX,1
666,2010,4,QUEENS,1
667,2010,4,MANHATTAN,2
668,2010,4,BROOKLYN,3
669,2010,4,STATEN ISLAND,1
670,2010,6,BRONX,1
671,2010,6,QUEENS,5
672,2010,6,MANHATTAN,3
673,2010,6,BROOKLYN,4
674,2010,6,STATEN ISLAND,1
675,2010,11,BRONX,2
676,2010,11,QUEENS,0
677,2010,11,MANHATTAN,2
678,2010,11,BROOKLYN,0
679,2010,11,STATEN ISLAND,0
680,2010,10,BRONX,0
681,2010,10,QUEENS,4
682,2010,10,MANHATTAN,2
683,2010,10,BROOKLYN,1
684,2010,10,STATEN ISLAND,2
685,2010,9,BRONX,3
686,2010,9,QUEENS,1
687,2010,9,MANHATTAN,2
688,2010,9,BROOKLYN,0
689,2010,9,STATEN ISLAND,0
690,2010,8,BRONX,0
691,2010,8,QUEENS,4
692,2010,8,MANHATTAN,1
693,2010,8,BROOKLYN,5
694,2010,8,STATEN ISLAND,0
695,2010,7,BRONX,2
696,2010,7,QUEENS,3
697,2010,7,MANHATTAN,1
698,2010,7,BROOKLYN,4
699,2010,7,STATEN ISLAND,0
700,2010,5,BRONX,1
701,2010,5,QUEENS,2
702,2010,5,MANHATTAN,1
703,2010,5,BROOKLYN,4
704,2010,5,STATEN ISLAND,0
705,2010,3,BRONX,1
706,2010,3,QUEENS,1
707,2010,3,MANHATTAN,2
708,2010,3,BROOKLYN,2
709,2010,3,STATEN ISLAND,0
710,2010,1,BRONX,11
711,2010,1,QUEENS,13
712,2010,1,MANHATTAN,6
713,2010,1,BROOKLYN,7
714,2010,1,STATEN ISLAND,0
715,2010,2,BRONX,2
716,2010,2,QUEENS,1
717,2010,2,MANHATTAN,4
718,2010,2,BROOKLYN,3
719,2010,2,STATEN ISLAND,1
720,2008,12,BRONX,1
721,2008,12,QUEENS,2
722,2008,12,MANHATTAN,1
723,2008,12,BROOKLYN,2
724,2008,12,STATEN ISLAND,0
725,2008,4,BRONX,0
726,2008,4,QUEENS,1
727,2008,4,MANHATTAN,1
728,2008,4,BROOKLYN,1
729,2008,4,STATEN ISLAND,0
730,2008,6,BRONX,3
731,2008,6,QUEENS,6
732,2008,6,MANHATTAN,0
733,2008,6,BROOKLYN,2
734,2008,6,STATEN ISLAND,0
735,2008,11,BRONX,0
736,2008,11,QUEENS,0
737,2008,11,MANHATTAN,1
738,2008,11,BROOKLYN,4
739,2008,11,STATEN ISLAND,0
740,2008,10,BRONX,1
741,2008,10,QUEENS,1
742,2008,10,MANHATTAN,2
743,2008,10,BROOKLYN,4
744,2008,10,STATEN ISLAND,1
745,2008,9,BRONX,2
746,2008,9,QUEENS,3
747,2008,9,MANHATTAN,2
748,2008,9,BROOKLYN,4
749,2008,9,STATEN ISLAND,0
750,2008,8,BRONX,1
751,2008,8,QUEENS,3
752,2008,8,MANHATTAN,1
753,2008,8,BROOKLYN,0
754,2008,8,STATEN ISLAND,0
755,2008,7,BRONX,0
756,2008,7,QUEENS,1
757,2008,7,MANHATTAN,2
758,2008,7,BROOKLYN,1
759,2008,7,STATEN ISLAND,0
760,2008,5,BRONX,1
761,2008,5,QUEENS,2
762,2008,5,MANHATTAN,2
763,2008,5,BROOKLYN,0
764,2008,5,STATEN ISLAND,1
765,2008,3,BRONX,0
766,2008,3,QUEENS,2
767,2008,3,MANHATTAN,2
768,2008,3,BROOKLYN,3
769,2008,3,STATEN ISLAND,0
770,2008,1,BRONX,4
771,2008,1,QUEENS,10
772,2008,1,MANHATTAN,3
773,2008,1,BROOKLYN,11
774,2008,1,STATEN ISLAND,2
775,2008,2,BRONX,0
776,2008,2,QUEENS,1
777,2008,2,MANHATTAN,1
778,2008,2,BROOKLYN,1
779,2008,2,STATEN ISLAND,0
780,2004,12,BRONX,0
781,2004,12,QUEENS,1
782,2004,12,MANHATTAN,0
783,2004,12,BROOKLYN,1
784,2004,12,STATEN ISLAND,0
785,2004,4,BRONX,1
786,2004,4,QUEENS,0
787,2004,4,MANHATTAN,0
788,2004,4,BROOKLYN,1
789,2004,4,STATEN ISLAND,0
790,2004,6,BRONX,3
791,2004,6,QUEENS,1
792,2004,6,MANHATTAN,2
793,2004,6,BROOKLYN,0
794,2004,6,STATEN ISLAND,0
795,2004,11,BRONX,2
796,2004,11,QUEENS,0
797,2004,11,MANHATTAN,1
798,2004,11,BROOKLYN,2
799,2004,11,STATEN ISLAND,0
800,2004,10,BRONX,3
801,2004,10,QUEENS,0
802,2004,10,MANHATTAN,1
803,2004,10,BROOKLYN,1
804,2004,10,STATEN ISLAND,0
805,2004,9,BRONX,2
806,2004,9,QUEENS,1
807,2004,9,MANHATTAN,1
808,2004,9,BROOKLYN,1
809,2004,9,STATEN ISLAND,0
810,2004,8,BRONX,1
811,2004,8,QUEENS,1
812,2004,8,MANHATTAN,0
813,2004,8,BROOKLYN,0
814,2004,8,STATEN ISLAND,0
815,2004,7,BRONX,1
816,2004,7,QUEENS,0
817,2004,7,MANHATTAN,1
818,2004,7,BROOKLYN,1
819,2004,7,STATEN ISLAND,0
820,2004,5,BRONX,0
821,2004,5,QUEENS,0
822,2004,5,MANHATTAN,1
823,2004,5,BROOKLYN,1
824,2004,5,STATEN ISLAND,0
825,2004,3,BRONX,0
826,2004,3,QUEENS,1
827,2004,3,MANHATTAN,1
828,2004,3,BROOKLYN,1
829,2004,3,STATEN ISLAND,0
830,2004,1,BRONX,2
831,2004,1,QUEENS,0
832,2004,1,MANHATTAN,6
833,2004,1,BROOKLYN,6
834,2004,1,STATEN ISLAND,0
835,2004,2,BRONX,0
836,2004,2,QUEENS,0
837,2004,2,MANHATTAN,0
838,2004,2,BROOKLYN,0
839,2004,2,STATEN ISLAND,0
840,1998,12,BRONX,0
841,1998,12,QUEENS,0
842,1998,12,MANHATTAN,0
843,1998,12,BROOKLYN,0
844,1998,12,STATEN ISLAND,0
845,1998,4,BRONX,0
846,1998,4,QUEENS,0
847,1998,4,MANHATTAN,0
848,1998,4,BROOKLYN,0
849,1998,4,STATEN ISLAND,0
850,1998,6,BRONX,0
851,1998,6,QUEENS,0
852,1998,6,MANHATTAN,0
853,1998,6,BROOKLYN,0
854,1998,6,STATEN ISLAND,0
855,1998,11,BRONX,0
856,1998,11,QUEENS,0
857,1998,11,MANHATTAN,0
858,1998,11,BROOKLYN,0
859,1998,11,STATEN ISLAND,0
860,1998,10,BRONX,0
861,1998,10,QUEENS,0
862,1998,10,MANHATTAN,0
863,1998,10,BROOKLYN,1
864,1998,10,STATEN ISLAND,0
865,1998,9,BRONX,1
866,1998,9,QUEENS,1
867,1998,9,MANHATTAN,0
868,1998,9,BROOKLYN,0
869,1998,9,STATEN ISLAND,0
870,1998,8,BRONX,0
871,1998,8,QUEENS,0
872,1998,8,MANHATTAN,0
873,1998,8,BROOKLYN,1
874,1998,8,STATEN ISLAND,0
875,1998,7,BRONX,0
876,1998,7,QUEENS,0
877,1998,7,MANHATTAN,0
878,1998,7,BROOKLYN,0
879,1998,7,STATEN ISLAND,0
880,1998,5,BRONX,0
881,1998,5,QUEENS,0
882,1998,5,MANHATTAN,0
883,1998,5,BROOKLYN,0
884,1998,5,STATEN ISLAND,0
885,1998,3,BRONX,0
886,1998,3,QUEENS,0
887,1998,3,MANHATTAN,0
888,1998,3,BROOKLYN,0
889,1998,3,STATEN ISLAND,0
890,1998,1,BRONX,1
891,1998,1,QUEENS,0
892,1998,1,MANHATTAN,2
893,1998,1,BROOKLYN,0
894,1998,1,STATEN ISLAND,0
895,1998,2,BRONX,1
896,1998,2,QUEENS,0
897,1998,2,MANHATTAN,0
898,1998,2,BROOKLYN,0
899,1998,2,STATEN ISLAND,0
900,1996,12,BRONX,0
901,1996,12,QUEENS,0
902,1996,12,MANHATTAN,0
903,1996,12,BROOKLYN,0
904,1996,12,STATEN ISLAND,0
905,1996,4,BRONX,0
906,1996,4,QUEENS,1
907,1996,4,MANHATTAN,0
908,1996,4,BROOKLYN,0
909,1996,4,STATEN ISLAND,0
910,1996,6,BRONX,1
911,1996,6,QUEENS,0
912,1996,6,MANHATTAN,0
913,1996,6,BROOKLYN,0
914,1996,6,STATEN ISLAND,0
915,1996,11,BRONX,0
916,1996,11,QUEENS,0
917,1996,11,MANHATTAN,0
918,1996,11,BROOKLYN,0
919,1996,11,STATEN ISLAND,0
920,1996,10,BRONX,0
921,1996,10,QUEENS,0
922,1996,10,MANHATTAN,0
923,1996,10,BROOKLYN,0
924,1996,10,STATEN ISLAND,0
925,1996,9,BRONX,0
926,1996,9,QUEENS,0
927,1996,9,MANHATTAN,0
928,1996,9,BROOKLYN,0
929,1996,9,STATEN ISLAND,0
930,1996,8,BRONX,0
931,1996,8,QUEENS,0
932,1996,8,MANHATTAN,0
933,1996,8,BROOKLYN,0
934,1996,8,STATEN ISLAND,0
935,1996,7,BRONX,0
936,1996,7,QUEENS,0
937,1996,7,MANHATTAN,2
938,1996,7,BROOKLYN,0
939,1996,7,STATEN ISLAND,0
940,1996,5,BRONX,0
941,1996,5,QUEENS,0
942,1996,5,MANHATTAN,0
943,1996,5,BROOKLYN,1
944,1996,5,STATEN ISLAND,0
945,1996,3,BRONX,0
946,1996,3,QUEENS,0
947,1996,3,MANHATTAN,0
948,1996,3,BROOKLYN,0
949,1996,3,STATEN ISLAND,0
950,1996,1,BRONX,0
951,1996,1,QUEENS,1
952,1996,1,MANHATTAN,0
953,1996,1,BROOKLYN,2
954,1996,1,STATEN ISLAND,0
955,1996,2,BRONX,0
956,1996,2,QUEENS,0
957,1996,2,MANHATTAN,0
958,1996,2,BROOKLYN,0
959,1996,2,STATEN ISLAND,0
960,2003,12,BRONX,0
961,2003,12,QUEENS,1
962,2003,12,MANHATTAN,0
963,2003,12,BROOKLYN,0
964,2003,12,STATEN ISLAND,0
965,2003,4,BRONX,1
966,2003,4,QUEENS,0
967,2003,4,MANHATTAN,1
968,2003,4,BROOKLYN,0
969,2003,4,STATEN ISLAND,0
970,2003,6,BRONX,0
971,2003,6,QUEENS,2
972,2003,6,MANHATTAN,0
973,2003,6,BROOKLYN,1
974,2003,6,STATEN ISLAND,0
975,2003,11,BRONX,0
976,2003,11,QUEENS,0
977,2003,11,MANHATTAN,0
978,2003,11,BROOKLYN,1
979,2003,11,STATEN ISLAND,1
980,2003,10,BRONX,0
981,2003,10,QUEENS,0
982,2003,10,MANHATTAN,0
983,2003,10,BROOKLYN,1
984,2003,10,STATEN ISLAND,0
985,2003,9,BRONX,1
986,2003,9,QUEENS,0
987,2003,9,MANHATTAN,1
988,2003,9,BROOKLYN,1
989,2003,9,STATEN ISLAND,0
990,2003,8,BRONX,1
991,2003,8,QUEENS,0
992,2003,8,MANHATTAN,0
993,2003,8,BROOKLYN,2
994,2003,8,STATEN ISLAND,0
995,2003,7,BRONX,0
996,2003,7,QUEENS,1
997,2003,7,MANHATTAN,0
998,2003,7,BROOKLYN,0
999,2003,7,STATEN ISLAND,0
1000,2003,5,BRONX,1
1001,2003,5,QUEENS,0
1002,2003,5,MANHATTAN,0
1003,2003,5,BROOKLYN,0
1004,2003,5,STATEN ISLAND,0
1005,2003,3,BRONX,0
1006,2003,3,QUEENS,0
1007,2003,3,MANHATTAN,0
1008,2003,3,BROOKLYN,1
1009,2003,3,STATEN ISLAND,0
1010,2003,1,BRONX,1
1011,2003,1,QUEENS,1
1012,2003,1,MANHATTAN,1
1013,2003,1,BROOKLYN,1
1014,2003,1,STATEN ISLAND,0
1015,2003,2,BRONX,1
1016,2003,2,QUEENS,0
1017,2003,2,MANHATTAN,1
1018,2003,2,BROOKLYN,1
1019,2003,2,STATEN ISLAND,0
1020,2005,12,BRONX,1
1021,2005,12,QUEENS,0
1022,2005,12,MANHATTAN,0
1023,2005,12,BROOKLYN,1
1024,2005,12,STATEN ISLAND,0
1025,2005,4,BRONX,0
1026,2005,4,QUEENS,1
1027,2005,4,MANHATTAN,0
1028,2005,4,BROOKLYN,0
1029,2005,4,STATEN ISLAND,0
1030,2005,6,BRONX,2
1031,2005,6,QUEENS,0
1032,2005,6,MANHATTAN,0
1033,2005,6,BROOKLYN,0
1034,2005,6,STATEN ISLAND,0
1035,2005,11,BRONX,0
1036,2005,11,QUEENS,1
1037,2005,11,MANHATTAN,0
1038,2005,11,BROOKLYN,0
1039,2005,11,STATEN ISLAND,0
1040,2005,10,BRONX,0
1041,2005,10,QUEENS,4
1042,2005,10,MANHATTAN,1
1043,2005,10,BROOKLYN,1
1044,2005,10,STATEN ISLAND,0
1045,2005,9,BRONX,3
1046,2005,9,QUEENS,0
1047,2005,9,MANHATTAN,0
1048,2005,9,BROOKLYN,0
1049,2005,9,STATEN ISLAND,0
1050,2005,8,BRONX,0
1051,2005,8,QUEENS,0
1052,2005,8,MANHATTAN,0
1053,2005,8,BROOKLYN,0
1054,2005,8,STATEN ISLAND,0
1055,2005,7,BRONX,0
1056,2005,7,QUEENS,1
1057,2005,7,MANHATTAN,1
1058,2005,7,BROOKLYN,0
1059,2005,7,STATEN ISLAND,0
1060,2005,5,BRONX,0
1061,2005,5,QUEENS,1
1062,2005,5,MANHATTAN,1
1063,2005,5,BROOKLYN,3
1064,2005,5,STATEN ISLAND,0
1065,2005,3,BRONX,0
1066,2005,3,QUEENS,1
1067,2005,3,MANHATTAN,3
1068,2005,3,BROOKLYN,1
1069,2005,3,STATEN ISLAND,1
1070,2005,1,BRONX,2
1071,2005,1,QUEENS,4
1072,2005,1,MANHATTAN,0
1073,2005,1,BROOKLYN,9
1074,2005,1,STATEN ISLAND,0
1075,2005,2,BRONX,0
1076,2005,2,QUEENS,0
1077,2005,2,MANHATTAN,0
1078,2005,2,BROOKLYN,0
1079,2005,2,STATEN ISLAND,0
1080,1993,12,BRONX,1
1081,1993,12,QUEENS,0
1082,1993,12,MANHATTAN,0
1083,1993,12,BROOKLYN,0
1084,1993,12,STATEN ISLAND,0
1085,1993,4,BRONX,0
1086,1993,4,QUEENS,0
1087,1993,4,MANHATTAN,0
1088,1993,4,BROOKLYN,0
1089,1993,4,STATEN ISLAND,0
1090,1993,6,BRONX,0
1091,1993,6,QUEENS,0
1092,1993,6,MANHATTAN,0
1093,1993,6,BROOKLYN,0
1094,1993,6,STATEN ISLAND,0
1095,1993,11,BRONX,0
1096,1993,11,QUEENS,0
1097,1993,11,MANHATTAN,0
1098,1993,11,BROOKLYN,0
1099,1993,11,STATEN ISLAND,0
1100,1993,10,BRONX,0
1101,1993,10,QUEENS,0
1102,1993,10,MANHATTAN,0
1103,1993,10,BROOKLYN,0
1104,1993,10,STATEN ISLAND,0
1105,1993,9,BRONX,0
1106,1993,9,QUEENS,0
1107,1993,9,MANHATTAN,0
1108,1993,9,BROOKLYN,0
1109,1993,9,STATEN ISLAND,0
1110,1993,8,BRONX,0
1111,1993,8,QUEENS,0
1112,1993,8,MANHATTAN,0
1113,1993,8,BROOKLYN,0
1114,1993,8,STATEN ISLAND,0
1115,1993,7,BRONX,0
1116,1993,7,QUEENS,0
1117,1993,7,MANHATTAN,0
1118,1993,7,BROOKLYN,0
1119,1993,7,STATEN ISLAND,0
1120,1993,5,BRONX,0
1121,1993,5,QUEENS,0
1122,1993,5,MANHATTAN,0
1123,1993,5,BROOKLYN,0
1124,1993,5,STATEN ISLAND,0
1125,1993,3,BRONX,0
1126,1993,3,QUEENS,0
1127,1993,3,MANHATTAN,0
1128,1993,3,BROOKLYN,0
1129,1993,3,STATEN ISLAND,0
1130,1993,1,BRONX,0
1131,1993,1,QUEENS,1
1132,1993,1,MANHATTAN,1
1133,1993,1,BROOKLYN,0
1134,1993,1,STATEN ISLAND,0
1135,1993,2,BRONX,0
1136,1993,2,QUEENS,1
1137,1993,2,MANHATTAN,0
1138,1993,2,BROOKLYN,0
1139,1993,2,STATEN ISLAND,0
1140,2002,12,BRONX,0
1141,2002,12,QUEENS,0
1142,2002,12,MANHATTAN,0
1143,2002,12,BROOKLYN,0
1144,2002,12,STATEN ISLAND,0
1145,2002,4,BRONX,0
1146,2002,4,QUEENS,0
1147,2002,4,MANHATTAN,0
1148,2002,4,BROOKLYN,0
1149,2002,4,STATEN ISLAND,0
1150,2002,6,BRONX,0
1151,2002,6,QUEENS,0
1152,2002,6,MANHATTAN,0
1153,2002,6,BROOKLYN,0
1154,2002,6,STATEN ISLAND,0
1155,2002,11,BRONX,2
1156,2002,11,QUEENS,0
1157,2002,11,MANHATTAN,0
1158,2002,11,BROOKLYN,0
1159,2002,11,STATEN ISLAND,0
1160,2002,10,BRONX,0
1161,2002,10,QUEENS,0
1162,2002,10,MANHATTAN,0
1163,2002,10,BROOKLYN,1
1164,2002,10,STATEN ISLAND,0
1165,2002,9,BRONX,0
1166,2002,9,QUEENS,1
1167,2002,9,MANHATTAN,0
1168,2002,9,BROOKLYN,1
1169,2002,9,STATEN ISLAND,0
1170,2002,8,BRONX,0
1171,2002,8,QUEENS,1
1172,2002,8,MANHATTAN,0
1173,2002,8,BROOKLYN,1
1174,2002,8,STATEN ISLAND,0
1175,2002,7,BRONX,0
1176,2002,7,QUEENS,0
1177,2002,7,MANHATTAN,0
1178,2002,7,BROOKLYN,0
1179,2002,7,STATEN ISLAND,0
1180,2002,5,BRONX,0
1181,2002,5,QUEENS,0
1182,2002,5,MANHATTAN,0
1183,2002,5,BROOKLYN,0
1184,2002,5,STATEN ISLAND,0
1185,2002,3,BRONX,0
1186,2002,3,QUEENS,0
1187,2002,3,MANHATTAN,0
1188,2002,3,BROOKLYN,0
1189,2002,3,STATEN ISLAND,0
1190,2002,1,BRONX,0
1191,2002,1,QUEENS,2
1192,2002,1,MANHATTAN,0
1193,2002,1,BROOKLYN,1
1194,2002,1,STATEN ISLAND,2
1195,2002,2,BRONX,0
1196,2002,2,QUEENS,0
1197,2002,2,MANHATTAN,1
1198,2002,2,BROOKLYN,0
1199,2002,2,STATEN ISLAND,0
1200,1999,12,BRONX,0
1201,1999,12,QUEENS,1
1202,1999,12,MANHATTAN,0
1203,1999,12,BROOKLYN,0
1204,1999,12,STATEN ISLAND,0
1205,1999,4,BRONX,0
1206,1999,4,QUEENS,1
1207,1999,4,MANHATTAN,0
1208,1999,4,BROOKLYN,1
1209,1999,4,STATEN ISLAND,0
1210,1999,6,BRONX,0
1211,1999,6,QUEENS,0
1212,1999,6,MANHATTAN,0
1213,1999,6,BROOKLYN,0
1214,1999,6,STATEN ISLAND,0
1215,1999,11,BRONX,0
1216,1999,11,QUEENS,0
1217,1999,11,MANHATTAN,0
1218,1999,11,BROOKLYN,0
1219,1999,11,STATEN ISLAND,0
1220,1999,10,BRONX,0
1221,1999,10,QUEENS,0
1222,1999,10,MANHATTAN,0
1223,1999,10,BROOKLYN,0
1224,1999,10,STATEN ISLAND,0
1225,1999,9,BRONX,0
1226,1999,9,QUEENS,0
1227,1999,9,MANHATTAN,0
1228,1999,9,BROOKLYN,0
1229,1999,9,STATEN ISLAND,0
1230,1999,8,BRONX,0
1231,1999,8,QUEENS,0
1232,1999,8,MANHATTAN,0
1233,1999,8,BROOKLYN,0
1234,1999,8,STATEN ISLAND,0
1235,1999,7,BRONX,0
1236,1999,7,QUEENS,1
1237,1999,7,MANHATTAN,0
1238,1999,7,BROOKLYN,0
1239,1999,7,STATEN ISLAND,0
1240,1999,5,BRONX,0
1241,1999,5,QUEENS,0
1242,1999,5,MANHATTAN,0
1243,1999,5,BROOKLYN,1
1244,1999,5,STATEN ISLAND,0
1245,1999,3,BRONX,0
1246,1999,3,QUEENS,0
1247,1999,3,MANHATTAN,0
1248,1999,3,BROOKLYN,1
1249,1999,3,STATEN ISLAND,0
1250,1999,1,BRONX,0
1251,1999,1,QUEENS,0
1252,1999,1,MANHATTAN,0
1253,1999,1,BROOKLYN,1
1254,1999,1,STATEN ISLAND,0
1255,1999,2,BRONX,0
1256,1999,2,QUEENS,0
1257,1999,2,MANHATTAN,0
1258,1999,2,BROOKLYN,0
1259,1999,2,STATEN ISLAND,0
1260,2006,12,BRONX,2
1261,2006,12,QUEENS,2
1262,2006,12,MANHATTAN,0
1263,2006,12,BROOKLYN,0
1264,2006,12,STATEN ISLAND,0
1265,2006,4,BRONX,0
1266,2006,4,QUEENS,1
1267,2006,4,MANHATTAN,2
1268,2006,4,BROOKLYN,0
1269,2006,4,STATEN ISLAND,0
1270,2006,6,BRONX,1
1271,2006,6,QUEENS,0
1272,2006,6,MANHATTAN,1
1273,2006,6,BROOKLYN,1
1274,2006,6,STATEN ISLAND,0
1275,2006,11,BRONX,1
1276,2006,11,QUEENS,1
1277,2006,11,MANHATTAN,0
1278,2006,11,BROOKLYN,2
1279,2006,11,STATEN ISLAND,0
1280,2006,10,BRONX,0
1281,2006,10,QUEENS,0
1282,2006,10,MANHATTAN,1
1283,2006,10,BROOKLYN,2
1284,2006,10,STATEN ISLAND,0
1285,2006,9,BRONX,0
1286,2006,9,QUEENS,2
1287,2006,9,MANHATTAN,1
1288,2006,9,BROOKLYN,2
1289,2006,9,STATEN ISLAND,0
1290,2006,8,BRONX,0
1291,2006,8,QUEENS,1
1292,2006,8,MANHATTAN,0
1293,2006,8,BROOKLYN,1
1294,2006,8,STATEN ISLAND,0
1295,2006,7,BRONX,0
1296,2006,7,QUEENS,0
1297,2006,7,MANHATTAN,0
1298,2006,7,BROOKLYN,0
1299,2006,7,STATEN ISLAND,0
1300,2006,5,BRONX,0
1301,2006,5,QUEENS,0
1302,2006,5,MANHATTAN,1
1303,2006,5,BROOKLYN,1
1304,2006,5,STATEN ISLAND,1
1305,2006,3,BRONX,0
1306,2006,3,QUEENS,1
1307,2006,3,MANHATTAN,0
1308,2006,3,BROOKLYN,0
1309,2006,3,STATEN ISLAND,0
1310,2006,1,BRONX,0
1311,2006,1,QUEENS,4
1312,2006,1,MANHATTAN,3
1313,2006,1,BROOKLYN,6
1314,2006,1,STATEN ISLAND,2
1315,2006,2,BRONX,0
1316,2006,2,QUEENS,1
1317,2006,2,MANHATTAN,1
1318,2006,2,BROOKLYN,1
1319,2006,2,STATEN ISLAND,0
1320,1990,12,BRONX,0
1321,1990,12,QUEENS,0
1322,1990,12,MANHATTAN,0
1323,1990,12,BROOKLYN,0
1324,1990,12,STATEN ISLAND,0
1325,1990,4,BRONX,0
1326,1990,4,QUEENS,0
1327,1990,4,MANHATTAN,0
1328,1990,4,BROOKLYN,0
1329,1990,4,STATEN ISLAND,0
1330,1990,6,BRONX,1
1331,1990,6,QUEENS,0
1332,1990,6,MANHATTAN,0
1333,1990,6,BROOKLYN,0
1334,1990,6,STATEN ISLAND,0
1335,1990,11,BRONX,0
1336,1990,11,QUEENS,0
1337,1990,11,MANHATTAN,0
1338,1990,11,BROOKLYN,0
1339,1990,11,STATEN ISLAND,0
1340,1990,10,BRONX,0
1341,1990,10,QUEENS,1
1342,1990,10,MANHATTAN,0
1343,1990,10,BROOKLYN,0
1344,1990,10,STATEN ISLAND,0
1345,1990,9,BRONX,0
1346,1990,9,QUEENS,0
1347,1990,9,MANHATTAN,0
1348,1990,9,BROOKLYN,0
1349,1990,9,STATEN ISLAND,0
1350,1990,8,BRONX,0
1351,1990,8,QUEENS,0
1352,1990,8,MANHATTAN,0
1353,1990,8,BROOKLYN,0
1354,1990,8,STATEN ISLAND,0
1355,1990,7,BRONX,0
1356,1990,7,QUEENS,0
1357,1990,7,MANHATTAN,0
1358,1990,7,BROOKLYN,0
1359,1990,7,STATEN ISLAND,0
1360,1990,5,BRONX,0
1361,1990,5,QUEENS,0
1362,1990,5,MANHATTAN,0
1363,1990,5,BROOKLYN,0
1364,1990,5,STATEN ISLAND,0
1365,1990,3,BRONX,0
1366,1990,3,QUEENS,0
1367,1990,3,MANHATTAN,0
1368,1990,3,BROOKLYN,0
1369,1990,3,STATEN ISLAND,0
1370,1990,1,BRONX,0
1371,1990,1,QUEENS,0
1372,1990,1,MANHATTAN,0
1373,1990,1,BROOKLYN,0
1374,1990,1,STATEN ISLAND,0
1375,1990,2,BRONX,0
1376,1990,2,QUEENS,0
1377,1990,2,MANHATTAN,0
1378,1990,2,BROOKLYN,0
1379,1990,2,STATEN ISLAND,0
1380,1992,12,BRONX,0
1381,1992,12,QUEENS,0
1382,1992,12,MANHATTAN,0
1383,1992,12,BROOKLYN,0
1384,1992,12,STATEN ISLAND,0
1385,1992,4,BRONX,0
1386,1992,4,QUEENS,0
1387,1992,4,MANHATTAN,1
1388,1992,4,BROOKLYN,0
1389,1992,4,STATEN ISLAND,0
1390,1992,6,BRONX,0
1391,1992,6,QUEENS,0
1392,1992,6,MANHATTAN,0
1393,1992,6,BROOKLYN,0
1394,1992,6,STATEN ISLAND,0
1395,1992,11,BRONX,0
1396,1992,11,QUEENS,0
1397,1992,11,MANHATTAN,0
1398,1992,11,BROOKLYN,1
1399,1992,11,STATEN ISLAND,0
1400,1992,10,BRONX,0
1401,1992,10,QUEENS,0
1402,1992,10,MANHATTAN,1
1403,1992,10,BROOKLYN,0
1404,1992,10,STATEN ISLAND,0
1405,1992,9,BRONX,0
1406,1992,9,QUEENS,0
1407,1992,9,MANHATTAN,0
1408,1992,9,BROOKLYN,0
1409,1992,9,STATEN ISLAND,0
1410,1992,8,BRONX,0
1411,1992,8,QUEENS,0
1412,1992,8,MANHATTAN,0
1413,1992,8,BROOKLYN,0
1414,1992,8,STATEN ISLAND,0
1415,1992,7,BRONX,0
1416,1992,7,QUEENS,0
1417,1992,7,MANHATTAN,0
1418,1992,7,BROOKLYN,0
1419,1992,7,STATEN ISLAND,0
1420,1992,5,BRONX,0
1421,1992,5,QUEENS,0
1422,1992,5,MANHATTAN,0
1423,1992,5,BROOKLYN,0
1424,1992,5,STATEN ISLAND,0
1425,1992,3,BRONX,0
1426,1992,3,QUEENS,0
1427,1992,3,MANHATTAN,0
1428,1992,3,BROOKLYN,0
1429,1992,3,STATEN ISLAND,0
1430,1992,1,BRONX,0
1431,1992,1,QUEENS,0
1432,1992,1,MANHATTAN,0
1433,1992,1,BROOKLYN,1
1434,1992,1,STATEN ISLAND,0
1435,1992,2,BRONX,0
1436,1992,2,QUEENS,0
1437,1992,2,MANHATTAN,0
1438,1992,2,BROOKLYN,0
1439,1992,2,STATEN ISLAND,0
1440,2001,12,BRONX,0
1441,2001,12,QUEENS,0
1442,2001,12,MANHATTAN,0
1443,2001,12,BROOKLYN,0
1444,2001,12,STATEN ISLAND,0
1445,2001,4,BRONX,0
1446,2001,4,QUEENS,0
1447,2001,4,MANHATTAN,0
1448,2001,4,BROOKLYN,0
1449,2001,4,STATEN ISLAND,0
1450,2001,6,BRONX,0
1451,2001,6,QUEENS,0
1452,2001,6,MANHATTAN,0
1453,2001,6,BROOKLYN,0
1454,2001,6,STATEN ISLAND,0
1455,2001,11,BRONX,0
1456,2001,11,QUEENS,0
1457,2001,11,MANHATTAN,0
1458,2001,11,BROOKLYN,0
1459,2001,11,STATEN ISLAND,0
1460,2001,10,BRONX,0
1461,2001,10,QUEENS,0
1462,2001,10,MANHATTAN,1
1463,2001,10,BROOKLYN,0
1464,2001,10,STATEN ISLAND,0
1465,2001,9,BRONX,0
1466,2001,9,QUEENS,0
1467,2001,9,MANHATTAN,0
1468,2001,9,BROOKLYN,0
1469,2001,9,STATEN ISLAND,0
1470,2001,8,BRONX,0
1471,2001,8,QUEENS,0
1472,2001,8,MANHATTAN,0
1473,2001,8,BROOKLYN,0
1474,2001,8,STATEN ISLAND,0
1475,2001,7,BRONX,0
1476,2001,7,QUEENS,0
1477,2001,7,MANHATTAN,0
1478,2001,7,BROOKLYN,0
1479,2001,7,STATEN ISLAND,0
1480,2001,5,BRONX,0
1481,2001,5,QUEENS,0
1482,2001,5,MANHATTAN,0
1483,2001,5,BROOKLYN,1
1484,2001,5,STATEN ISLAND,0
1485,2001,3,BRONX,0
1486,2001,3,QUEENS,0
1487,2001,3,MANHATTAN,0
1488,2001,3,BROOKLYN,0
1489,2001,3,STATEN ISLAND,1
1490,2001,1,BRONX,0
1491,2001,1,QUEENS,1
1492,2001,1,MANHATTAN,0
1493,2001,1,BROOKLYN,0
1494,2001,1,STATEN ISLAND,0
1495,2001,2,BRONX,0
1496,2001,2,QUEENS,0
1497,2001,2,MANHATTAN,0
1498,2001,2,BROOKLYN,0
1499,2001,2,STATEN ISLAND,0
1500,2000,12,BRONX,0
1501,2000,12,QUEENS,0
1502,2000,12,MANHATTAN,0
1503,2000,12,BROOKLYN,0
1504,2000,12,STATEN ISLAND,0
1505,2000,4,BRONX,0
1506,2000,4,QUEENS,0
1507,2000,4,MANHATTAN,0
1508,2000,4,BROOKLYN,0
1509,2000,4,STATEN ISLAND,0
1510,2000,6,BRONX,0
1511,2000,6,QUEENS,0
1512,2000,6,MANHATTAN,0
1513,2000,6,BROOKLYN,0
1514,2000,6,STATEN ISLAND,0
1515,2000,11,BRONX,0
1516,2000,11,QUEENS,0
1517,2000,11,MANHATTAN,0
1518,2000,11,BROOKLYN,0
1519,2000,11,STATEN ISLAND,0
1520,2000,10,BRONX,0
1521,2000,10,QUEENS,1
1522,2000,10,MANHATTAN,0
1523,2000,10,BROOKLYN,1
1524,2000,10,STATEN ISLAND,0
1525,2000,9,BRONX,0
1526,2000,9,QUEENS,1
1527,2000,9,MANHATTAN,0
1528,2000,9,BROOKLYN,0
1529,2000,9,STATEN ISLAND,0
1530,2000,8,BRONX,0
1531,2000,8,QUEENS,0
1532,2000,8,MANHATTAN,1
1533,2000,8,BROOKLYN,1
1534,2000,8,STATEN ISLAND,0
1535,2000,7,BRONX,1
1536,2000,7,QUEENS,0
1537,2000,7,MANHATTAN,0
1538,2000,7,BROOKLYN,1
1539,2000,7,STATEN ISLAND,0
1540,2000,5,BRONX,1
1541,2000,5,QUEENS,0
1542,2000,5,MANHATTAN,0
1543,2000,5,BROOKLYN,0
1544,2000,5,STATEN ISLAND,0
1545,2000,3,BRONX,0
1546,2000,3,QUEENS,0
1547,2000,3,MANHATTAN,0
1548,2000,3,BROOKLYN,0
1549,2000,3,STATEN ISLAND,0
1550,2000,1,BRONX,1
1551,2000,1,QUEENS,2
1552,2000,1,MANHATTAN,0
1553,2000,1,BROOKLYN,1
1554,2000,1,STATEN ISLAND,1
1555,2000,2,BRONX,0
1556,2000,2,QUEENS,0
1557,2000,2,MANHATTAN,0
1558,2000,2,BROOKLYN,0
1559,2000,2,STATEN ISLAND,0
1560,1994,12,BRONX,0
1561,1994,12,QUEENS,0
1562,1994,12,MANHATTAN,0
1563,1994,12,BROOKLYN,0
1564,1994,12,STATEN ISLAND,0
1565,1994,4,BRONX,0
1566,1994,4,QUEENS,0
1567,1994,4,MANHATTAN,0
1568,1994,4,BROOKLYN,0
1569,1994,4,STATEN ISLAND,0
1570,1994,6,BRONX,1
1571,1994,6,QUEENS,0
1572,1994,6,MANHATTAN,0
1573,1994,6,BROOKLYN,0
1574,1994,6,STATEN ISLAND,0
1575,1994,11,BRONX,0
1576,1994,11,QUEENS,0
1577,1994,11,MANHATTAN,0
1578,1994,11,BROOKLYN,0
1579,1994,11,STATEN ISLAND,0
1580,1994,10,BRONX,0
1581,1994,10,QUEENS,0
1582,1994,10,MANHATTAN,0
1583,1994,10,BROOKLYN,0
1584,1994,10,STATEN ISLAND,0
1585,1994,9,BRONX,0
1586,1994,9,QUEENS,0
1587,1994,9,MANHATTAN,0
1588,1994,9,BROOKLYN,0
1589,1994,9,STATEN ISLAND,0
1590,1994,8,BRONX,0
1591,1994,8,QUEENS,0
1592,1994,8,MANHATTAN,1
1593,1994,8,BROOKLYN,0
1594,1994,8,STATEN ISLAND,0
1595,1994,7,BRONX,0
1596,1994,7,QUEENS,0
1597,1994,7,MANHATTAN,0
1598,1994,7,BROOKLYN,0
1599,1994,7,STATEN ISLAND,0
1600,1994,5,BRONX,0
1601,1994,5,QUEENS,0
1602,1994,5,MANHATTAN,0
1603,1994,5,BROOKLYN,0
1604,1994,5,STATEN ISLAND,0
1605,1994,3,BRONX,0
1606,1994,3,QUEENS,0
1607,1994,3,MANHATTAN,0
1608,1994,3,BROOKLYN,0
1609,1994,3,STATEN ISLAND,0
1610,1994,1,BRONX,0
1611,1994,1,QUEENS,0
1612,1994,1,MANHATTAN,0
1613,1994,1,BROOKLYN,1
1614,1994,1,STATEN ISLAND,0
1615,1994,2,BRONX,0
1616,1994,2,QUEENS,0
1617,1994,2,MANHATTAN,0
1618,1994,2,BROOKLYN,0
1619,1994,2,STATEN ISLAND,0
1620,1997,12,BRONX,0
1621,1997,12,QUEENS,0
1622,1997,12,MANHATTAN,0
1623,1997,12,BROOKLYN,0
1624,1997,12,STATEN ISLAND,0
1625,1997,4,BRONX,0
1626,1997,4,QUEENS,0
1627,1997,4,MANHATTAN,0
1628,1997,4,BROOKLYN,0
1629,1997,4,STATEN ISLAND,0
1630,1997,6,BRONX,0
1631,1997,6,QUEENS,0
1632,1997,6,MANHATTAN,0
1633,1997,6,BROOKLYN,0
1634,1997,6,STATEN ISLAND,0
1635,1997,11,BRONX,0
1636,1997,11,QUEENS,0
1637,1997,11,MANHATTAN,0
1638,1997,11,BROOKLYN,0
1639,1997,11,STATEN ISLAND,0
1640,1997,10,BRONX,0
1641,1997,10,QUEENS,0
1642,1997,10,MANHATTAN,0
1643,1997,10,BROOKLYN,0
1644,1997,10,STATEN ISLAND,0
1645,1997,9,BRONX,0
1646,1997,9,QUEENS,0
1647,1997,9,MANHATTAN,0
1648,1997,9,BROOKLYN,0
1649,1997,9,STATEN ISLAND,0
1650,1997,8,BRONX,0
1651,1997,8,QUEENS,0
1652,1997,8,MANHATTAN,0
1653,1997,8,BROOKLYN,0
1654,1997,8,STATEN ISLAND,0
1655,1997,7,BRONX,0
1656,1997,7,QUEENS,0
1657,1997,7,MANHATTAN,0
1658,1997,7,BROOKLYN,1
1659,1997,7,STATEN ISLAND,0
1660,1997,5,BRONX,0
1661,1997,5,QUEENS,0
1662,1997,5,MANHATTAN,0
1663,1997,5,BROOKLYN,0
1664,1997,5,STATEN ISLAND,0
1665,1997,3,BRONX,0
1666,1997,3,QUEENS,0
1667,1997,3,MANHATTAN,0
1668,1997,3,BROOKLYN,0
1669,1997,3,STATEN ISLAND,0
1670,1997,1,BRONX,0
1671,1997,1,QUEENS,0
1672,1997,1,MANHATTAN,1
1673,1997,1,BROOKLYN,1
1674,1997,1,STATEN ISLAND,0
1675,1997,2,BRONX,0
1676,1997,2,QUEENS,0
1677,1997,2,MANHATTAN,0
1678,1997,2,BROOKLYN,0
1679,1997,2,STATEN ISLAND,0
1680,1991,12,BRONX,0
1681,1991,12,QUEENS,0
1682,1991,12,MANHATTAN,0
1683,1991,12,BROOKLYN,0
1684,1991,12,STATEN ISLAND,0
1685,1991,4,BRONX,0
1686,1991,4,QUEENS,0
1687,1991,4,MANHATTAN,0
1688,1991,4,BROOKLYN,0
1689,1991,4,STATEN ISLAND,0
1690,1991,6,BRONX,0
1691,1991,6,QUEENS,0
1692,1991,6,MANHATTAN,0
1693,1991,6,BROOKLYN,0
1694,1991,6,STATEN ISLAND,0
1695,1991,11,BRONX,0
1696,1991,11,QUEENS,0
1697,1991,11,MANHATTAN,0
1698,1991,11,BROOKLYN,0
1699,1991,11,STATEN ISLAND,0
1700,1991,10,BRONX,0
1701,1991,10,QUEENS,0
1702,1991,10,MANHATTAN,0
1703,1991,10,BROOKLYN,0
1704,1991,10,STATEN ISLAND,0
1705,1991,9,BRONX,0
1706,1991,9,QUEENS,0
1707,1991,9,MANHATTAN,0
1708,1991,9,BROOKLYN,0
1709,1991,9,STATEN ISLAND,0
1710,1991,8,BRONX,0
1711,1991,8,QUEENS,0
1712,1991,8,MANHATTAN,0
1713,1991,8,BROOKLYN,0
1714,1991,8,STATEN ISLAND,0
1715,1991,7,BRONX,0
1716,1991,7,QUEENS,0
1717,1991,7,MANHATTAN,0
1718,1991,7,BROOKLYN,0
1719,1991,7,STATEN ISLAND,0
1720,1991,5,BRONX,0
1721,1991,5,QUEENS,0
1722,1991,5,MANHATTAN,0
1723,1991,5,BROOKLYN,0
1724,1991,5,STATEN ISLAND,0
1725,1991,3,BRONX,0
1726,1991,3,QUEENS,0
1727,1991,3,MANHATTAN,0
1728,1991,3,BROOKLYN,0
1729,1991,3,STATEN ISLAND,0
1730,1991,1,BRONX,0
1731,1991,1,QUEENS,0
1732,1991,1,MANHATTAN,0
1733,1991,1,BROOKLYN,1
1734,1991,1,STATEN ISLAND,1
1735,1991,2,BRONX,0
1736,1991,2,QUEENS,0
1737,1991,2,MANHATTAN,0
1738,1991,2,BROOKLYN,0
1739,1991,2,STATEN ISLAND,0
